tradeId,tradeVersion,actionType,eventType,productType,tradeDate,effectiveDate,terminationDate,notionalAmount,notionalCurrency,notionalAmount2,notionalCurrency2,fixedRate,floatingRateIndex,floatingRateIndexTenor,spread,fixedDayCount,floatingDayCount,paymentFrequency,resetFrequency,businessDayConvention,businessCenters,party1Lei,party1Name,party2Lei,party2Name,executionVenue,confirmationMethod,masterAgreementType,clearingStatus,optionType,optionExpiryDate,optionExerciseStyle,strikeRate,premium,premiumCurrency,settlementType,fxRate,fxFarDate,fxFarRate,capRate,floorRate,inflationIndex,inflationInterpolation,cancelableFrom,novationNewPartyLei,novationNewPartyName,priorTradeId,feeAmount,feeCurrency
TRD20260818A06,1,NEWT,TRAD,cap_floor,2026-08-18,2026-08-20,2029-08-20,20000000,USD,,,,USD-SOFR,3M,,,ACT/360,,3M,MODFOLLOWING,USNY,549300EXAMPLE0LEI001,Alpha Bank,549300EXAMPLE0LEI003,Gamma Securities,XXXX,ELECTRONIC,ISDAMaster,UNCLEARED,,,,,125000,USD,,,,,0.05,,,,,,,,,
TRD20260818A03,1,NEWT,TRAD,fra,2026-08-18,2026-11-20,2027-05-20,25000000,EUR,,,0.0285,EUR-EURIBOR-Reuters,6M,,ACT/360,ACT/360,,,MODFOLLOWING,EUTA,549300EXAMPLE0LEI001,Alpha Bank,549300EXAMPLE0LEI004,Delta Finance,XXXX,ELECTRONIC,ISDAMaster,UNCLEARED,,,,,,,,,,,,,,,,,,,,
TRD20260818A05,1,NEWT,TRAD,fx_swap,2026-08-18,2026-08-20,2026-11-20,10000000,EUR,10850000,USD,,,,,,,,,FOLLOWING,EUTA|USNY,549300EXAMPLE0LEI001,Alpha Bank,549300EXAMPLE0LEI005,Epsilon Trading,XXXX,ELECTRONIC,ISDAMaster,UNCLEARED,,,,,,,,1.085,2026-11-20,1.092,,,,,,,,,,
TRD20260818A02,1,NEWT,TRAD,ois,2026-08-18,2026-08-20,2028-08-20,100000000,USD,,,0.041,USD-SOFR,1D,,ACT/360,ACT/360,1Y,1D,MODFOLLOWING,USNY,549300EXAMPLE0LEI001,Alpha Bank,549300EXAMPLE0LEI003,Gamma Securities,XXXX,ELECTRONIC,ISDAMaster,CLEARED,,,,,,,,,,,,,,,,,,,,
TRD20260818A04,1,NEWT,TRAD,swaption,2026-08-18,2027-08-20,2032-08-20,30000000,USD,,,0.035,USD-SOFR,3M,,30/360,ACT/360,6M,3M,MODFOLLOWING,USNY,549300EXAMPLE0LEI001,Alpha Bank,549300EXAMPLE0LEI002,Beta Capital,XXXX,ELECTRONIC,ISDAMaster,UNCLEARED,CALL,2027-08-18,EUROPEAN,0.035,450000,USD,PHYSICAL,,,,,,,,,,,,,
TRD20260818A01,4,NEWT,ETRM,vanilla_swap,2026-08-18,2026-08-20,2031-08-20,75000000,USD,,,0.034,USD-SOFR,3M,,30/360,ACT/360,6M,3M,MODFOLLOWING,USNY,549300EXAMPLE0LEI001,Alpha Bank,549300EXAMPLE0LEI002,Beta Capital,XXXX,ELECTRONIC,ISDAMaster,UNCLEARED,,,,,,,,,,,,,,,,,,TRD20260818A01,,
TRD20260818A01,2,MODI,TRAD,vanilla_swap,2026-08-18,2026-08-20,2031-08-20,75000000,USD,,,0.034,USD-SOFR,3M,,30/360,ACT/360,6M,3M,MODFOLLOWING,USNY,549300EXAMPLE0LEI001,Alpha Bank,549300EXAMPLE0LEI002,Beta Capital,XXXX,ELECTRONIC,ISDAMaster,UNCLEARED,,,,,,,,,,,,,,,,,,TRD20260818A01,,
TRD20260818A01,1,NEWT,TRAD,vanilla_swap,2026-08-18,2026-08-20,2031-08-20,50000000,USD,,,0.0325,USD-SOFR,3M,,30/360,ACT/360,6M,3M,MODFOLLOWING,USNY,549300EXAMPLE0LEI001,Alpha Bank,549300EXAMPLE0LEI002,Beta Capital,XXXX,ELECTRONIC,ISDAMaster,UNCLEARED,,,,,,,,,,,,,,,,,,,,
TRD20260818A01,3,NEWT,NOVA,vanilla_swap,2026-08-18,2026-08-20,2031-08-20,75000000,USD,,,0.034,USD-SOFR,3M,,30/360,ACT/360,6M,3M,MODFOLLOWING,USNY,549300EXAMPLE0LEI001,Alpha Bank,549300EXAMPLE0LEI002,Beta Capital,XXXX,ELECTRONIC,ISDAMaster,UNCLEARED,,,,,,,,,,,,,,,,549300EXAMPLE0LEI006,Zeta Partners,TRD20260818A01,,
