Mapping Coverage,46.34

Input Path,Failed Mapping Count
trade.tradeHeader.originatingPackage.orderIdentifier.orderId,1
trade.swap.swapStream.calculationPeriodAmount.calculation.floatingRateCalculation.floorRateSchedule.initialValue,1
tradingEvent.agreementDate,8
onBehalfOf.partyReference.href,21
trade.volatilitySwapTransactionSupplement.primaryAssetClass,1
trade.tradeHeader.partyTradeInformation.category,64
trade.swaption.swaptionAdjustedDates.exerciseEvent.adjustedRelevantSwapEffectiveDate,1
trade.equitySwapTransactionSupplement.interestLeg.interestAmount.currencyReference.href,2
trade.commoditySwap.floatingLeg.notionalQuantity.quantityUnit,2
party.organizationType.organizationTypeScheme,38
trade.tradeHeader.partyTradeInformation.verificationMethod,11
trade.tradeHeader.partyTradeInformation.reportingRegime.exceedsClearingThreshold,96
tradingEvent.eventType,8
trade.swap.earlyTerminationProvision.mandatoryEarlyTermination.calculationAgent.calculationAgentPartyReference.href,1
trade.regulatoryProductInfo.priceTerms.strikePriceSchedule.initialValue,1
trade.tradeHeader.partyTradeIdentifier.linkId,4
trade.varianceSwap.primaryAssetClass,1
trade.commodityOption.exercise.relativePaymentDates.calculationPeriodsScheduleReference.href,2
trade.regulatoryProductInfo.priceTerms.strikePriceSchedule.step.stepDate,12
trade.tradeHeader.partyTradeInformation.reportingRegime.reportingPurpose,134
trade.creditDefaultSwap.generalTerms.referenceInformation.referenceObligation.bond.maturity,1
trade.tradeHeader.partyTradeInformation.offMarketPrice,11
trade.varianceSwap.varianceLeg.amount.variance.exchangeTradedContractNearest.description,1
trade.tradeHeader.uniqueSwapIdentifier.issuer.issuerIdScheme,3
trade.commoditySwap.marketDisruption.marketDisruptionEvents,2
trade.volatilitySwapTransactionSupplement.volatilityLeg.amount.volatility.initialLevelSource,1
correlationId.correlationIdScheme,15
trade.tradeHeader.partyTradeInformation.verificationMethod.verificationMethodScheme,1
trade.varianceSwap.varianceLeg.amount.variance.exchangeTradedContractNearest.expirationDate.adjustableDate.unadjustedDate,1
sequenceNumber,11
trade.tradeHeader.partyTradeInformation.isAccountingHedge,3
trade.tradeHeader.partyTradeInformation.relatedBusinessUnit.businessUnitReference.href,18
header.implementationSpecification.version,10
trade.commoditySwap.floatingLeg.commodity.currency,3
party.organizationType,76
trade.tradeHeader.partyTradeInformation.reportingRegime.entityClassification,189
trade.commodityOption.exercise.europeanExercise.exerciseFrequency.period,2
trade.equitySwapTransactionSupplement.returnLeg.amount.currency.id,2
trade.commodityOption.premium.premiumPerUnit.currency,2
trade.commodityOption.strikePricePerUnitSchedule.strikePricePerUnitStep.currency,4
trade.tradeHeader.uniqueSwapIdentifier.issuer,3
trade.tradeHeader.partyTradeInformation.reportingRegime.partyEntityClassification.partyReference.href,7
trade.tradeHeader.partyTradeInformation.reportingRegime.postPricedIndicator,6
trade.tradeHeader.partyTradeInformation.relatedBusinessUnit.role,18
trade.commodityOption.notionalQuantity.quantityUnit,2
trade.tradeHeader.partyTradeInformation.executionVenueType,28
trade.varianceSwap.varianceLeg.amount.variance.closingLevel,1
trade.fxSwap.nearLeg.exchangedCurrency2.receiverPartyReference.href,1
trade.commoditySwap.floatingLeg.notionalQuantity.id,2
quote.quoteUnits,4
quote.time,6
trade.tradeHeader.partyTradeInformation.reportingRegime.transmissionOfOrder,4
quote.currency,7
trade.tradeHeader.partyTradeInformation.collateralPortfolio.portfolioNameScheme,3
trade.varianceSwap.varianceLeg.amount.variance.exchangeTradedContractNearest.expirationDate.adjustableDate.dateAdjustments.businessDayConvention,1
asOfTime,9
quote.value,20
trade.commodityOption.commodity.currency,2
trade.equitySwapTransactionSupplement.interestLeg.interestAmount.referenceAmount,2
trade.commoditySwap.marketDisruption.disruptionFallbacks,2
trade.commodityOption.commodity.unit,2
trade.commodityOption.premium.premiumPerUnit.amount,2
trade.swaption.swaptionAdjustedDates.exerciseEvent.adjustedExerciseDate,1
trade.tradeHeader.partyTradeInformation.clearingStatus,16
quote.id,1
correlationId,15
trade.tradeHeader.uniqueSwapIdentifier.tradeId,3
trade.tradeHeader.partyTradeInformation.intentToAllocate,3
trade.swap.swapStream.calculationPeriodAmount.calculation.floatingRateCalculation.capRateSchedule.step.stepDate,3
trade.fxSingleLeg.exchangedCurrency2.receiverPartyReference.href,2
trade.tradeHeader.partyTradeInformation.reportingRegime.mandatorilyClearable,217
trade.commoditySwap.floatingLeg.calculation.pricingDates.calculationPeriodsReference.href,1
trade.varianceSwap.varianceLeg.amount.variance.exchangeTradedContractNearest.currency,1
trade.swap.embeddedOptionType,2
trade.commodityOption.commodity.commodityBase,2
trade.tradeHeader.partyTradeInformation.category.categoryScheme,64
trade.tradeHeader.partyTradeInformation.relatedPerson.role,7
trade.volatilitySwapTransactionSupplement.volatilityLeg.amount.volatility.initialLevelSource.determinationMethodScheme,1
trade.commoditySwap.floatingLeg.notionalQuantity.quantityFrequency.quantityFrequencyScheme,2
trade.tradeHeader.partyTradeInformation.reportingRegime.name,261
trade.tradeHeader.partyTradeInformation.shortSale,7
trade.tradeHeader.partyTradeInformation.relatedParty.role,4
tradingEvent.executionDateTime,5
trade.equitySwapTransactionSupplement.optionalEarlyTerminationDate,2
trade.tradeHeader.partyTradeInformation.isSecuritiesFinancing,7
trade.varianceSwap.varianceLeg.amount.variance.exchangeTradedContractNearest.contractReference,1
quote.measureType,2
trade.tradeHeader.originatingPackage.orderIdentifier.orderId.orderIdScheme,1
trade.swap.cancelableProvision.exerciseNotice.partyReference.href,1
trade.tradeHeader.partyTradeInformation.reportingRegime.partyEntityClassification.entityClassification.entityClassificationScheme,6
trade.commoditySwap.floatingLeg.commodity.unit,3
trade.tradeHeader.partyTradeIdentifier.linkId.linkIdScheme,4
trade.tradeHeader.uniqueSwapIdentifier.tradeId.tradeIdScheme,3
trade.tradeHeader.originatingPackage.sequenceNumber,1
trade.commodityOption.exercise.relativePaymentDates.payRelativeTo,2
party.classification.industryClassificationScheme,102
trade.commoditySwap.fixedLeg.notionalQuantity.quantityUnit,1
party.classification,108
trade.equitySwapTransactionSupplement.buyerPartyReference.href,2
trade.tradeHeader.partyTradeInformation.confirmationMethod.confirmationMethodScheme,1
trade.equitySwapTransactionSupplement.optionalEarlyTermination,2
trade.commoditySwap.fixedLeg.calculationPeriodsReference.href,1
trade.swap.earlyTerminationProvision.mandatoryEarlyTermination.mandatoryEarlyTerminationDate.id,1
trade.tradeHeader.partyTradeInformation.executionDateTime,4
trade.swap.swapStream.calculationPeriodAmount.calculation.floatingRateCalculation.capRateSchedule.step.stepValue,3
trade.fxSwap.nearLeg.exchangedCurrency2.payerPartyReference.href,1
trade.fxSwap.farLeg.exchangedCurrency2.payerPartyReference.href,1
trade.tradeHeader.partyTradeInformation.reportingRegime.entityClassification.entityClassificationScheme,146
trade.tradeHeader.partyTradeInformation.intentToClear,3
trade.tradeHeader.originatingPackage.packageType,1
trade.fxSwap.farLeg.exchangedCurrency2.receiverPartyReference.href,1
header.sentBy.messageAddressScheme,12
trade.tradeHeader.partyTradeInformation.reportingRegime.partyEntityClassification.entityClassification,7
trade.equitySwapTransactionSupplement.returnLeg.amount.referenceAmount,2
trade.tradeHeader.partyTradeInformation.reportingRegime.actionType.actionTypeScheme,7
asOfDate,9
trade.varianceSwap.varianceLeg.amount.variance.vegaNotionalAmount,1
party.partyId.partyIdScheme,112
trade.tradeHeader.partyTradeInformation.reportingRegime.supervisorRegistration.supervisoryBody,265
trade.tradeHeader.originatingPackage.size,1
trade.tradeHeader.partyTradeInformation.reportingRole,3
trade.tradeHeader.partyTradeInformation.executionType,17
trade.tradeHeader.partyTradeInformation.reportingRegime.mandatorilyClearable.reportingBooleanScheme,3
header.implementationSpecification.version.implementationSpecificationVersionScheme,7
trade.fxSingleLeg.exchangedCurrency2.payerPartyReference.href,2
trade.tradeHeader.partyTradeInformation.collateralizationType,26
trade.swap.swapStream.calculationPeriodAmount.calculation.floatingRateCalculation.floorRateSchedule.step.stepValue,3
trade.tradeHeader.partyTradeInformation.reportingRegime.actionType,15
trade.tradeHeader.partyTradeInformation.collateralizationType.collateralTypeScheme,5
trade.equitySwapTransactionSupplement.sellerPartyReference.href,2
trade.tradeHeader.tradeSummary.reportingLevel,3
trade.swap.swapStream.calculationPeriodAmount.calculation.floatingRateCalculation.capRateSchedule.initialValue,1
party.region,25
trade.swap.swapStream.calculationPeriodAmount.calculation.floatingRateCalculation.floorRateSchedule.step.stepDate,3
trade.tradeHeader.partyTradeInformation.executionVenueType.executionVenueTypeScheme,1
trade.volatilitySwapTransactionSupplement.volatilityLeg.valuation.id,1
trade.tradeHeader.partyTradeInformation.reportingRegime.reportingRole,263
trade.volatilitySwapTransactionSupplement.volatilityLeg.amount.volatility.vegaNotionalAmount,1
trade.creditDefaultSwap.generalTerms.referenceInformation.referenceEntity.entityId,1
trade.creditDefaultSwap.generalTerms.referenceInformation.referenceEntity.entityId.entityIdScheme,1
trade.commodityOption.calculationPeriods.unadjustedDate,2
trade.equitySwapTransactionSupplement.optionalEarlyTerminationElectingPartyReference.href,2
trade.commoditySwap.floatingLeg.commodity.unit.quantityUnitScheme,2
trade.regulatoryProductInfo.priceTerms.strikePriceSchedule.step.stepValue,12
trade.tradeHeader.partyTradeInformation.largeSizeTrade,13
originatingEvent.originatingEventScheme,1
trade.commodityOption.exercise.europeanExercise.exerciseFrequency.periodMultiplier,2
trade.equitySwapTransactionSupplement.interestLeg.id,2
trade.tradeHeader.productSummary.indexFactor,1
trade.tradeHeader.partyTradeInformation.confirmationMethod,4