File Name,Result,Input Path,Indexless Input Path,Unmappable CDM Path Count,Unmappable CDM Paths,Reason For Failure
cdm-sample-files/pre-enrich/mockup-pre-enrich-ssbs.xml,Fail_MappedNone,party(1)[id=party2].region,party[id=party2].region,0,,Element with value NonEEA could not be mapped to a rosettaField
cdm-sample-files/pre-enrich/mockup-pre-enrich-ssbs.xml,Fail_MappedNone,trade.tradeHeader.partyTradeInformation(0).reportingRegime(2).supervisorRegistration.supervisoryBody,trade.tradeHeader.partyTradeInformation.reportingRegime.supervisorRegistration.supervisoryBody,0,,Element with value ESMA could not be mapped to a rosettaField
cdm-sample-files/pre-enrich/mockup-pre-enrich-ssbs.xml,Fail_MappedMultiple,party(7)[id=executing_agent].partyId[partyIdScheme=http://www.fpml.org/coding-scheme/external/iso17442].partyIdScheme,party[id=executing_agent].partyId[partyIdScheme=http://www.fpml.org/coding-scheme/external/iso17442].partyIdScheme,2,"ReportableEvent.originatingWorkflowStep.proposedEvent.instruction(0).before.value.trade.party(7).partyId(0).identifierType=[LEI, MIC]
ReportableEvent.originatingWorkflowStep.proposedEvent.instruction(0).before.value.trade.party(7).partyId(0).identifier.meta.scheme=[http://www.fpml.org/coding-scheme/external/exchange-id-MIC, http://www.fpml.org/coding-scheme/external/iso17442]",Element mapped to multiple rosettaFields
cdm-sample-files/pre-enrich/mockup-pre-enrich-ssbs.xml,Fail_MappedNone,trade.tradeHeader.partyTradeInformation(1).reportingRegime(2).exceedsClearingThreshold,trade.tradeHeader.partyTradeInformation.reportingRegime.exceedsClearingThreshold,0,,Element with value true could not be mapped to a rosettaField
cdm-sample-files/pre-enrich/mockup-pre-enrich-ssbs.xml,Fail_MappedNone,trade.tradeHeader.partyTradeInformation(1).reportingRegime(1).entityClassification[entityClassificationScheme=http://www.fpml.org/coding-scheme/esma-entity-classification],trade.tradeHeader.partyTradeInformation.reportingRegime.entityClassification[entityClassificationScheme=http://www.fpml.org/coding-scheme/esma-entity-classification],0,,Element with value Financial could not be mapped to a rosettaField
cdm-sample-files/pre-enrich/mockup-pre-enrich-ssbs.xml,Fail_MappedNone,trade.tradeHeader.uniqueSwapIdentifier.issuer[issuerIdScheme=http://www.fpml.org/coding-scheme/external/cftc/issuer-identifier],trade.tradeHeader.uniqueSwapIdentifier.issuer[issuerIdScheme=http://www.fpml.org/coding-scheme/external/cftc/issuer-identifier],0,,Element with value 1031234567 could not be mapped to a rosettaField
cdm-sample-files/pre-enrich/mockup-pre-enrich-ssbs.xml,Fail_MappedNone,correlationId[correlationIdScheme=http://fpml.org/submitter_trade_id].correlationIdScheme,correlationId[correlationIdScheme=http://fpml.org/submitter_trade_id].correlationIdScheme,0,,Element with value http://fpml.org/submitter_trade_id could not be mapped to a rosettaField
cdm-sample-files/pre-enrich/mockup-pre-enrich-ssbs.xml,Fail_MappedNone,trade.tradeHeader.partyTradeInformation(0).isSecuritiesFinancing,trade.tradeHeader.partyTradeInformation.isSecuritiesFinancing,0,,Element with value false could not be mapped to a rosettaField
cdm-sample-files/pre-enrich/mockup-pre-enrich-ssbs.xml,Fail_MappedNone,trade.tradeHeader.partyTradeInformation(1).reportingRegime(0).reportingPurpose,trade.tradeHeader.partyTradeInformation.reportingRegime.reportingPurpose,0,,Element with value PrimaryEconomicTerms could not be mapped to a rosettaField
cdm-sample-files/pre-enrich/mockup-pre-enrich-ssbs.xml,Fail_MappedNone,trade.tradeHeader.partyTradeInformation(1).reportingRegime(5).reportingRole,trade.tradeHeader.partyTradeInformation.reportingRegime.reportingRole,0,,Element with value ReportingParty could not be mapped to a rosettaField
cdm-sample-files/pre-enrich/mockup-pre-enrich-ssbs.xml,Fail_MappedNone,party(1)[id=party2].classification(0)[industryClassificationScheme=http://www.fpml.org/coding-scheme/regulatory-corporate-sector].industryClassificationScheme,party[id=party2].classification[industryClassificationScheme=http://www.fpml.org/coding-scheme/regulatory-corporate-sector].industryClassificationScheme,0,,Element with value http://www.fpml.org/coding-scheme/regulatory-corporate-sector could not be mapped to a rosettaField
cdm-sample-files/pre-enrich/mockup-pre-enrich-ssbs.xml,Fail_MappedNone,party(0)[id=party1].organizationType(1)[organizationTypeScheme=http://www.fpml.org/coding-scheme/cftc-organization-type].organizationTypeScheme,party[id=party1].organizationType[organizationTypeScheme=http://www.fpml.org/coding-scheme/cftc-organization-type].organizationTypeScheme,0,,Element with value http://www.fpml.org/coding-scheme/cftc-organization-type could not be mapped to a rosettaField
cdm-sample-files/pre-enrich/mockup-pre-enrich-ssbs.xml,Fail_MappedNone,trade.tradeHeader.partyTradeInformation(0).reportingRegime(5).mandatorilyClearable,trade.tradeHeader.partyTradeInformation.reportingRegime.mandatorilyClearable,0,,Element with value false could not be mapped to a rosettaField
cdm-sample-files/pre-enrich/mockup-pre-enrich-ssbs.xml,Fail_MappedNone,trade.tradeHeader.partyTradeInformation(0).offMarketPrice,trade.tradeHeader.partyTradeInformation.offMarketPrice,0,,Element with value false could not be mapped to a rosettaField
cdm-sample-files/pre-enrich/mockup-pre-enrich-ssbs.xml,Fail_MappedNone,trade.tradeHeader.partyTradeInformation(1).reportingRegime(1).entityClassification[entityClassificationScheme=http://www.fpml.org/coding-scheme/esma-entity-classification].entityClassificationScheme,trade.tradeHeader.partyTradeInformation.reportingRegime.entityClassification[entityClassificationScheme=http://www.fpml.org/coding-scheme/esma-entity-classification].entityClassificationScheme,0,,Element with value http://www.fpml.org/coding-scheme/esma-entity-classification could not be mapped to a rosettaField
cdm-sample-files/pre-enrich/mockup-pre-enrich-ssbs.xml,Fail_MappedNone,trade.equitySwapTransactionSupplement.buyerPartyReference[href=party1].href,trade.equitySwapTransactionSupplement.buyerPartyReference[href=party1].href,0,,Element with value party1 could not be mapped to a rosettaField
cdm-sample-files/pre-enrich/mockup-pre-enrich-ssbs.xml,Fail_MappedNone,trade.tradeHeader.partyTradeInformation(0).relatedBusinessUnit(0).role,trade.tradeHeader.partyTradeInformation.relatedBusinessUnit.role,0,,Element with value RegisteredBranch could not be mapped to a rosettaField
cdm-sample-files/pre-enrich/mockup-pre-enrich-ssbs.xml,Fail_MappedNone,trade.equitySwapTransactionSupplement.returnLeg.amount.currency[id=equityPaymentCurrency].id,trade.equitySwapTransactionSupplement.returnLeg.amount.currency[id=equityPaymentCurrency].id,0,,Element with value equityPaymentCurrency could not be mapped to a rosettaField
cdm-sample-files/pre-enrich/mockup-pre-enrich-ssbs.xml,Fail_MappedNone,trade.tradeHeader.partyTradeInformation(0).reportingRegime(6).name,trade.tradeHeader.partyTradeInformation.reportingRegime.name,0,,Element with value HKTR could not be mapped to a rosettaField
cdm-sample-files/pre-enrich/mockup-pre-enrich-ssbs.xml,Fail_MappedNone,trade.tradeHeader.partyTradeInformation(0).reportingRegime(3).reportingRole,trade.tradeHeader.partyTradeInformation.reportingRegime.reportingRole,0,,Element with value ReportingParty could not be mapped to a rosettaField
cdm-sample-files/pre-enrich/mockup-pre-enrich-ssbs.xml,Fail_MappedNone,trade.tradeHeader.partyTradeInformation(0).reportingRegime(5).entityClassification[entityClassificationScheme=http://www.fpml.org/coding-scheme/cftc-entity-classification].entityClassificationScheme,trade.tradeHeader.partyTradeInformation.reportingRegime.entityClassification[entityClassificationScheme=http://www.fpml.org/coding-scheme/cftc-entity-classification].entityClassificationScheme,0,,Element with value http://www.fpml.org/coding-scheme/cftc-entity-classification could not be mapped to a rosettaField
cdm-sample-files/pre-enrich/mockup-pre-enrich-ssbs.xml,Fail_MappedNone,party(0)[id=party1].organizationType(1)[organizationTypeScheme=http://www.fpml.org/coding-scheme/cftc-organization-type],party[id=party1].organizationType[organizationTypeScheme=http://www.fpml.org/coding-scheme/cftc-organization-type],0,,Element with value CharteredPursuantToFederalLaw could not be mapped to a rosettaField
cdm-sample-files/pre-enrich/mockup-pre-enrich-ssbs.xml,Fail_MappedNone,trade.tradeHeader.partyTradeInformation(1).reportingRegime(1).exceedsClearingThreshold,trade.tradeHeader.partyTradeInformation.reportingRegime.exceedsClearingThreshold,0,,Element with value true could not be mapped to a rosettaField
cdm-sample-files/pre-enrich/mockup-pre-enrich-ssbs.xml,Fail_MappedNone,trade.tradeHeader.partyTradeInformation(1).reportingRegime(2).entityClassification[entityClassificationScheme=http://www.fpml.org/coding-scheme/esma-entity-classification],trade.tradeHeader.partyTradeInformation.reportingRegime.entityClassification[entityClassificationScheme=http://www.fpml.org/coding-scheme/esma-entity-classification],0,,Element with value Financial could not be mapped to a rosettaField
cdm-sample-files/pre-enrich/mockup-pre-enrich-ssbs.xml,Fail_MappedNone,trade.tradeHeader.partyTradeInformation(1).reportingRegime(0).entityClassification[entityClassificationScheme=http://www.fpml.org/coding-scheme/entity-classification].entityClassificationScheme,trade.tradeHeader.partyTradeInformation.reportingRegime.entityClassification[entityClassificationScheme=http://www.fpml.org/coding-scheme/entity-classification].entityClassificationScheme,0,,Element with value http://www.fpml.org/coding-scheme/entity-classification could not be mapped to a rosettaField
cdm-sample-files/pre-enrich/mockup-pre-enrich-ssbs.xml,Fail_MappedNone,trade.tradeHeader.partyTradeInformation(1).reportingRegime(3).supervisorRegistration.supervisoryBody,trade.tradeHeader.partyTradeInformation.reportingRegime.supervisorRegistration.supervisoryBody,0,,Element with value JFSA could not be mapped to a rosettaField
cdm-sample-files/pre-enrich/mockup-pre-enrich-ssbs.xml,Fail_MappedNone,party(1)[id=party2].classification(1)[industryClassificationScheme=http://www.fpml.org/coding-scheme/hkma-rewrite-regulatory-corporate-sector].industryClassificationScheme,party[id=party2].classification[industryClassificationScheme=http://www.fpml.org/coding-scheme/hkma-rewrite-regulatory-corporate-sector].industryClassificationScheme,0,,Element with value http://www.fpml.org/coding-scheme/hkma-rewrite-regulatory-corporate-sector could not be mapped to a rosettaField
cdm-sample-files/pre-enrich/mockup-pre-enrich-ssbs.xml,Fail_MappedNone,trade.equitySwapTransactionSupplement.interestLeg[id=interestLeg].id,trade.equitySwapTransactionSupplement.interestLeg[id=interestLeg].id,0,,Element with value interestLeg could not be mapped to a rosettaField
cdm-sample-files/pre-enrich/mockup-pre-enrich-ssbs.xml,Fail_MappedNone,trade.tradeHeader.partyTradeInformation(1).reportingRegime(4).reportingRole,trade.tradeHeader.partyTradeInformation.reportingRegime.reportingRole,0,,Element with value ReportingParty could not be mapped to a rosettaField
cdm-sample-files/pre-enrich/mockup-pre-enrich-ssbs.xml,Fail_MappedNone,trade.tradeHeader.partyTradeInformation(0).reportingRegime(1).supervisorRegistration.supervisoryBody,trade.tradeHeader.partyTradeInformation.reportingRegime.supervisorRegistration.supervisoryBody,0,,Element with value MAS could not be mapped to a rosettaField
cdm-sample-files/pre-enrich/mockup-pre-enrich-ssbs.xml,Fail_MappedNone,trade.equitySwapTransactionSupplement.optionalEarlyTerminationElectingPartyReference[href=party2].href,trade.equitySwapTransactionSupplement.optionalEarlyTerminationElectingPartyReference[href=party2].href,0,,Element with value party2 could not be mapped to a rosettaField
cdm-sample-files/pre-enrich/mockup-pre-enrich-ssbs.xml,Fail_MappedNone,party(0)[id=party1].organizationType(0),party[id=party1].organizationType,0,,Element with value SD could not be mapped to a rosettaField
cdm-sample-files/pre-enrich/mockup-pre-enrich-ssbs.xml,Fail_MappedNone,trade.tradeHeader.partyTradeInformation(0).shortSale,trade.tradeHeader.partyTradeInformation.shortSale,0,,Element with value false could not be mapped to a rosettaField
cdm-sample-files/pre-enrich/mockup-pre-enrich-ssbs.xml,Fail_MappedNone,trade.tradeHeader.partyTradeInformation(0).reportingRegime(1).entityClassification[entityClassificationScheme=http://www.fpml.org/coding-scheme/entity-classification],trade.tradeHeader.partyTradeInformation.reportingRegime.entityClassification[entityClassificationScheme=http://www.fpml.org/coding-scheme/entity-classification],0,,Element with value Other could not be mapped to a rosettaField
cdm-sample-files/pre-enrich/mockup-pre-enrich-ssbs.xml,Fail_MappedNone,trade.tradeHeader.partyTradeInformation(1).reportingRegime(0).name,trade.tradeHeader.partyTradeInformation.reportingRegime.name,0,,Element with value MAS could not be mapped to a rosettaField
cdm-sample-files/pre-enrich/mockup-pre-enrich-ssbs.xml,Fail_MappedNone,trade.tradeHeader.partyTradeInformation(0).relatedBusinessUnit(1).role,trade.tradeHeader.partyTradeInformation.relatedBusinessUnit.role,0,,Element with value TradingDesk could not be mapped to a rosettaField
cdm-sample-files/pre-enrich/mockup-pre-enrich-ssbs.xml,Fail_MappedNone,trade.equitySwapTransactionSupplement.returnLeg.amount.referenceAmount,trade.equitySwapTransactionSupplement.returnLeg.amount.referenceAmount,0,,Element with value StandardISDA could not be mapped to a rosettaField
cdm-sample-files/pre-enrich/mockup-pre-enrich-ssbs.xml,Fail_MappedNone,trade.tradeHeader.uniqueSwapIdentifier.issuer[issuerIdScheme=http://www.fpml.org/coding-scheme/external/cftc/issuer-identifier].issuerIdScheme,trade.tradeHeader.uniqueSwapIdentifier.issuer[issuerIdScheme=http://www.fpml.org/coding-scheme/external/cftc/issuer-identifier].issuerIdScheme,0,,Element with value http://www.fpml.org/coding-scheme/external/cftc/issuer-identifier could not be mapped to a rosettaField
cdm-sample-files/pre-enrich/mockup-pre-enrich-ssbs.xml,Fail_MappedMultiple,party(2)[id=broker1].partyId[partyIdScheme=http://www.fpml.org/coding-scheme/external/iso17442].partyIdScheme,party[id=broker1].partyId[partyIdScheme=http://www.fpml.org/coding-scheme/external/iso17442].partyIdScheme,2,"ReportableEvent.originatingWorkflowStep.proposedEvent.instruction(0).before.value.trade.party(2).partyId(0).identifierType=[LEI, MIC]
ReportableEvent.originatingWorkflowStep.proposedEvent.instruction(0).before.value.trade.party(2).partyId(0).identifier.meta.scheme=[http://www.fpml.org/coding-scheme/external/exchange-id-MIC, http://www.fpml.org/coding-scheme/external/iso17442]",Element mapped to multiple rosettaFields
cdm-sample-files/pre-enrich/mockup-pre-enrich-ssbs.xml,Fail_MappedNone,trade.tradeHeader.partyTradeInformation(0).reportingRegime(2).reportingRole,trade.tradeHeader.partyTradeInformation.reportingRegime.reportingRole,0,,Element with value ReportingParty could not be mapped to a rosettaField
cdm-sample-files/pre-enrich/mockup-pre-enrich-ssbs.xml,Fail_MappedNone,party(1)[id=party2].organizationType(1)[organizationTypeScheme=http://www.fpml.org/coding-scheme/cftc-organization-type],party[id=party2].organizationType[organizationTypeScheme=http://www.fpml.org/coding-scheme/cftc-organization-type],0,,Element with value CharteredPursuantToFederalLaw could not be mapped to a rosettaField
cdm-sample-files/pre-enrich/mockup-pre-enrich-ssbs.xml,Fail_MappedNone,trade.tradeHeader.partyTradeInformation(1).reportingRegime(2).entityClassification[entityClassificationScheme=http://www.fpml.org/coding-scheme/esma-entity-classification].entityClassificationScheme,trade.tradeHeader.partyTradeInformation.reportingRegime.entityClassification[entityClassificationScheme=http://www.fpml.org/coding-scheme/esma-entity-classification].entityClassificationScheme,0,,Element with value http://www.fpml.org/coding-scheme/esma-entity-classification could not be mapped to a rosettaField
cdm-sample-files/pre-enrich/mockup-pre-enrich-ssbs.xml,Fail_MappedNone,trade.tradeHeader.partyTradeInformation(1).reportingRegime(5).supervisorRegistration.supervisoryBody,trade.tradeHeader.partyTradeInformation.reportingRegime.supervisorRegistration.supervisoryBody,0,,Element with value HKMA could not be mapped to a rosettaField
cdm-sample-files/pre-enrich/mockup-pre-enrich-ssbs.xml,Fail_MappedNone,trade.equitySwapTransactionSupplement.sellerPartyReference[href=party2].href,trade.equitySwapTransactionSupplement.sellerPartyReference[href=party2].href,0,,Element with value party2 could not be mapped to a rosettaField
cdm-sample-files/pre-enrich/mockup-pre-enrich-ssbs.xml,Fail_MappedMultiple,party(3)[id=clearing-svc].partyId[partyIdScheme=http://www.fpml.org/coding-scheme/external/iso17442].partyIdScheme,party[id=clearing-svc].partyId[partyIdScheme=http://www.fpml.org/coding-scheme/external/iso17442].partyIdScheme,2,"ReportableEvent.originatingWorkflowStep.proposedEvent.instruction(0).before.value.trade.party(3).partyId(0).identifierType=[LEI, MIC]
ReportableEvent.originatingWorkflowStep.proposedEvent.instruction(0).before.value.trade.party(3).partyId(0).identifier.meta.scheme=[http://www.fpml.org/coding-scheme/external/exchange-id-MIC, http://www.fpml.org/coding-scheme/external/iso17442]",Element mapped to multiple rosettaFields
cdm-sample-files/pre-enrich/mockup-pre-enrich-ssbs.xml,Fail_MappedNone,trade.tradeHeader.partyTradeInformation(0).reportingRegime(3).mandatorilyClearable,trade.tradeHeader.partyTradeInformation.reportingRegime.mandatorilyClearable,0,,Element with value false could not be mapped to a rosettaField
cdm-sample-files/pre-enrich/mockup-pre-enrich-ssbs.xml,Fail_MappedNone,party(1)[id=party2].classification(2)[industryClassificationScheme=http://www.fpml.org/coding-scheme/esma-emir-refit-regulatory-corporate-sector].industryClassificationScheme,party[id=party2].classification[industryClassificationScheme=http://www.fpml.org/coding-scheme/esma-emir-refit-regulatory-corporate-sector].industryClassificationScheme,0,,Element with value http://www.fpml.org/coding-scheme/esma-emir-refit-regulatory-corporate-sector could not be mapped to a rosettaField
cdm-sample-files/pre-enrich/mockup-pre-enrich-ssbs.xml,Fail_MappedNone,trade.tradeHeader.uniqueSwapIdentifier.tradeId[tradeIdScheme=http://www.fpml.org/coding-scheme/external/unique-transaction-identifier].tradeIdScheme,trade.tradeHeader.uniqueSwapIdentifier.tradeId[tradeIdScheme=http://www.fpml.org/coding-scheme/external/unique-transaction-identifier].tradeIdScheme,0,,Element with value http://www.fpml.org/coding-scheme/external/unique-transaction-identifier could not be mapped to a rosettaField
cdm-sample-files/pre-enrich/mockup-pre-enrich-ssbs.xml,Fail_MappedNone,party(1)[id=party2].organizationType(0),party[id=party2].organizationType,0,,Element with value SD could not be mapped to a rosettaField
cdm-sample-files/pre-enrich/mockup-pre-enrich-ssbs.xml,Fail_MappedNone,trade.tradeHeader.partyTradeInformation(0).reportingRegime(2).exceedsClearingThreshold,trade.tradeHeader.partyTradeInformation.reportingRegime.exceedsClearingThreshold,0,,Element with value true could not be mapped to a rosettaField
cdm-sample-files/pre-enrich/mockup-pre-enrich-ssbs.xml,Fail_MappedNone,trade.tradeHeader.partyTradeInformation(0).reportingRegime(0).postPricedIndicator,trade.tradeHeader.partyTradeInformation.reportingRegime.postPricedIndicator,0,,Element with value true could not be mapped to a rosettaField
cdm-sample-files/pre-enrich/mockup-pre-enrich-ssbs.xml,Fail_MappedNone,trade.tradeHeader.partyTradeInformation(1).reportingRegime(1).name,trade.tradeHeader.partyTradeInformation.reportingRegime.name,0,,Element with value EMIR could not be mapped to a rosettaField
cdm-sample-files/pre-enrich/mockup-pre-enrich-ssbs.xml,Fail_MappedNone,trade.tradeHeader.partyTradeInformation(0).reportingRegime(6).entityClassification,trade.tradeHeader.partyTradeInformation.reportingRegime.entityClassification,0,,Element with value Financial could not be mapped to a rosettaField
cdm-sample-files/pre-enrich/mockup-pre-enrich-ssbs.xml,Fail_MappedNone,onBehalfOf.partyReference[href=party1].href,onBehalfOf.partyReference[href=party1].href,0,,Element with value party1 could not be mapped to a rosettaField
cdm-sample-files/pre-enrich/mockup-pre-enrich-ssbs.xml,Fail_MappedNone,trade.tradeHeader.partyTradeInformation(0).reportingRegime(5).reportingRole,trade.tradeHeader.partyTradeInformation.reportingRegime.reportingRole,0,,Element with value ReportingParty could not be mapped to a rosettaField
cdm-sample-files/pre-enrich/mockup-pre-enrich-ssbs.xml,Success,trade.tradeHeader.partyTradeInformation(0).relatedPerson(2).role,trade.tradeHeader.partyTradeInformation.relatedPerson.role,1,"ReportableEvent.reportableInformation.globalPartyInformation(0).relatedPerson(2).role(0).value=[InvestmentDecisionMaker, Trader]",Element TradingDecisionMaker could not be parsed as a NaturalPersonRoleEnum
cdm-sample-files/pre-enrich/mockup-pre-enrich-ssbs.xml,Fail_MappedNone,party(0)[id=party1].classification(0)[industryClassificationScheme=http://www.fpml.org/coding-scheme/regulatory-corporate-sector].industryClassificationScheme,party[id=party1].classification[industryClassificationScheme=http://www.fpml.org/coding-scheme/regulatory-corporate-sector].industryClassificationScheme,0,,Element with value http://www.fpml.org/coding-scheme/regulatory-corporate-sector could not be mapped to a rosettaField
cdm-sample-files/pre-enrich/mockup-pre-enrich-ssbs.xml,Fail_MappedNone,trade.tradeHeader.partyTradeInformation(0).reportingRegime(1).entityClassification[entityClassificationScheme=http://www.fpml.org/coding-scheme/entity-classification].entityClassificationScheme,trade.tradeHeader.partyTradeInformation.reportingRegime.entityClassification[entityClassificationScheme=http://www.fpml.org/coding-scheme/entity-classification].entityClassificationScheme,0,,Element with value http://www.fpml.org/coding-scheme/entity-classification could not be mapped to a rosettaField
cdm-sample-files/pre-enrich/mockup-pre-enrich-ssbs.xml,Fail_MappedNone,trade.equitySwapTransactionSupplement.interestLeg[id=interestLeg].interestAmount.referenceAmount,trade.equitySwapTransactionSupplement.interestLeg[id=interestLeg].interestAmount.referenceAmount,0,,Element with value StandardISDA could not be mapped to a rosettaField
cdm-sample-files/pre-enrich/mockup-pre-enrich-ssbs.xml,Fail_MappedNone,trade.tradeHeader.partyTradeInformation(1).reportingRegime(5).mandatorilyClearable,trade.tradeHeader.partyTradeInformation.reportingRegime.mandatorilyClearable,0,,Element with value false could not be mapped to a rosettaField
cdm-sample-files/pre-enrich/mockup-pre-enrich-ssbs.xml,Fail_MappedNone,trade.tradeHeader.partyTradeInformation(1).reportingRegime(0).postPricedIndicator,trade.tradeHeader.partyTradeInformation.reportingRegime.postPricedIndicator,0,,Element with value true could not be mapped to a rosettaField
cdm-sample-files/pre-enrich/mockup-pre-enrich-ssbs.xml,Fail_MappedNone,trade.tradeHeader.partyTradeInformation(0).reportingRegime(0).name,trade.tradeHeader.partyTradeInformation.reportingRegime.name,0,,Element with value ASIC could not be mapped to a rosettaField
cdm-sample-files/pre-enrich/mockup-pre-enrich-ssbs.xml,Fail_MappedNone,trade.tradeHeader.partyTradeInformation(1).reportingRegime(0).entityClassification[entityClassificationScheme=http://www.fpml.org/coding-scheme/entity-classification],trade.tradeHeader.partyTradeInformation.reportingRegime.entityClassification[entityClassificationScheme=http://www.fpml.org/coding-scheme/entity-classification],0,,Element with value Other could not be mapped to a rosettaField
cdm-sample-files/pre-enrich/mockup-pre-enrich-ssbs.xml,Fail_MappedNone,trade.tradeHeader.partyTradeInformation(0).reportingRegime(2).mandatorilyClearable,trade.tradeHeader.partyTradeInformation.reportingRegime.mandatorilyClearable,0,,Element with value false could not be mapped to a rosettaField
cdm-sample-files/pre-enrich/mockup-pre-enrich-ssbs.xml,Fail_MappedNone,trade.tradeHeader.uniqueSwapIdentifier.tradeId[tradeIdScheme=http://www.fpml.org/coding-scheme/external/unique-transaction-identifier],trade.tradeHeader.uniqueSwapIdentifier.tradeId[tradeIdScheme=http://www.fpml.org/coding-scheme/external/unique-transaction-identifier],0,,Element with value 12345678901234567890123456789012 could not be mapped to a rosettaField
cdm-sample-files/pre-enrich/mockup-pre-enrich-ssbs.xml,Fail_MappedNone,party(1)[id=party2].classification(3)[industryClassificationScheme=http://www.fpml.org/coding-scheme/regulatory-corporate-sector].industryClassificationScheme,party[id=party2].classification[industryClassificationScheme=http://www.fpml.org/coding-scheme/regulatory-corporate-sector].industryClassificationScheme,0,,Element with value http://www.fpml.org/coding-scheme/regulatory-corporate-sector could not be mapped to a rosettaField
cdm-sample-files/pre-enrich/mockup-pre-enrich-ssbs.xml,Fail_MappedNone,trade.tradeHeader.partyTradeInformation(0).reportingRegime(3).supervisorRegistration.supervisoryBody,trade.tradeHeader.partyTradeInformation.reportingRegime.supervisorRegistration.supervisoryBody,0,,Element with value FCA could not be mapped to a rosettaField
cdm-sample-files/pre-enrich/mockup-pre-enrich-ssbs.xml,Fail_MappedNone,trade.tradeHeader.partyTradeInformation(0).executionType,trade.tradeHeader.partyTradeInformation.executionType,0,,Element with value Electronic could not be mapped to a rosettaField
cdm-sample-files/pre-enrich/mockup-pre-enrich-ssbs.xml,Fail_MappedNone,trade.equitySwapTransactionSupplement.optionalEarlyTerminationDate,trade.equitySwapTransactionSupplement.optionalEarlyTerminationDate,0,,Element with value ValuationDate could not be mapped to a rosettaField
cdm-sample-files/pre-enrich/mockup-pre-enrich-ssbs.xml,Fail_MappedNone,trade.tradeHeader.partyTradeInformation(1).reportingRegime(2).name,trade.tradeHeader.partyTradeInformation.reportingRegime.name,0,,Element with value UKEMIR could not be mapped to a rosettaField
cdm-sample-files/pre-enrich/mockup-pre-enrich-ssbs.xml,Fail_MappedNone,correlationId[correlationIdScheme=http://fpml.org/submitter_trade_id],correlationId[correlationIdScheme=http://fpml.org/submitter_trade_id],0,,Element with value AB1234 could not be mapped to a rosettaField
cdm-sample-files/pre-enrich/mockup-pre-enrich-ssbs.xml,Fail_MappedNone,trade.tradeHeader.partyTradeInformation(1).reportingRegime(4).supervisorRegistration.supervisoryBody,trade.tradeHeader.partyTradeInformation.reportingRegime.supervisorRegistration.supervisoryBody,0,,Element with value CA.AB.ASC could not be mapped to a rosettaField
cdm-sample-files/pre-enrich/mockup-pre-enrich-ssbs.xml,Fail_MappedNone,trade.tradeHeader.partyTradeInformation(0).reportingRegime(4).reportingRole,trade.tradeHeader.partyTradeInformation.reportingRegime.reportingRole,0,,Element with value ReportingParty could not be mapped to a rosettaField
cdm-sample-files/pre-enrich/mockup-pre-enrich-ssbs.xml,Fail_MappedNone,trade.tradeHeader.partyTradeInformation(0).relatedBusinessUnit(0).businessUnitReference[href=desk1].href,trade.tradeHeader.partyTradeInformation.relatedBusinessUnit.businessUnitReference[href=desk1].href,0,,Element with value desk1 could not be mapped to a rosettaField
cdm-sample-files/pre-enrich/mockup-pre-enrich-ssbs.xml,Fail_MappedNone,party(0)[id=party1].classification(1)[industryClassificationScheme=http://www.fpml.org/coding-scheme/hkma-rewrite-regulatory-corporate-sector].industryClassificationScheme,party[id=party1].classification[industryClassificationScheme=http://www.fpml.org/coding-scheme/hkma-rewrite-regulatory-corporate-sector].industryClassificationScheme,0,,Element with value http://www.fpml.org/coding-scheme/hkma-rewrite-regulatory-corporate-sector could not be mapped to a rosettaField
cdm-sample-files/pre-enrich/mockup-pre-enrich-ssbs.xml,Fail_MappedNone,trade.tradeHeader.partyTradeInformation(1).reportingRegime(4).mandatorilyClearable,trade.tradeHeader.partyTradeInformation.reportingRegime.mandatorilyClearable,0,,Element with value false could not be mapped to a rosettaField
cdm-sample-files/pre-enrich/mockup-pre-enrich-ssbs.xml,Fail_MappedNone,trade.tradeHeader.partyTradeInformation(0).reportingRegime(1).name,trade.tradeHeader.partyTradeInformation.reportingRegime.name,0,,Element with value MAS could not be mapped to a rosettaField
cdm-sample-files/pre-enrich/mockup-pre-enrich-ssbs.xml,Fail_MappedNone,trade.tradeHeader.partyTradeInformation(1).reportingRegime(5).entityClassification,trade.tradeHeader.partyTradeInformation.reportingRegime.entityClassification,0,,Element with value Financial could not be mapped to a rosettaField
cdm-sample-files/pre-enrich/mockup-pre-enrich-ssbs.xml,Fail_MappedNone,trade.tradeHeader.partyTradeInformation(0).reportingRegime(3).reportingPurpose,trade.tradeHeader.partyTradeInformation.reportingRegime.reportingPurpose,0,,Element with value PrimaryEconomicTerms could not be mapped to a rosettaField
cdm-sample-files/pre-enrich/mockup-pre-enrich-ssbs.xml,Fail_MappedNone,trade.tradeHeader.partyTradeInformation(0).reportingRegime(1).mandatorilyClearable,trade.tradeHeader.partyTradeInformation.reportingRegime.mandatorilyClearable,0,,Element with value false could not be mapped to a rosettaField
cdm-sample-files/pre-enrich/mockup-pre-enrich-ssbs.xml,Fail_MappedNone,trade.tradeHeader.partyTradeInformation(0).reportingRegime(2).entityClassification[entityClassificationScheme=http://www.fpml.org/coding-scheme/esma-entity-classification].entityClassificationScheme,trade.tradeHeader.partyTradeInformation.reportingRegime.entityClassification[entityClassificationScheme=http://www.fpml.org/coding-scheme/esma-entity-classification].entityClassificationScheme,0,,Element with value http://www.fpml.org/coding-scheme/esma-entity-classification could not be mapped to a rosettaField
cdm-sample-files/pre-enrich/mockup-pre-enrich-ssbs.xml,Fail_MappedNone,trade.tradeHeader.partyTradeInformation(1).reportingRegime(1).reportingRole,trade.tradeHeader.partyTradeInformation.reportingRegime.reportingRole,0,,Element with value ReportingParty could not be mapped to a rosettaField
cdm-sample-files/pre-enrich/mockup-pre-enrich-ssbs.xml,Fail_MappedNone,trade.tradeHeader.partyTradeInformation(0).reportingRegime(5).supervisorRegistration.supervisoryBody,trade.tradeHeader.partyTradeInformation.reportingRegime.supervisorRegistration.supervisoryBody,0,,Element with value CA.AB.ASC could not be mapped to a rosettaField
cdm-sample-files/pre-enrich/mockup-pre-enrich-ssbs.xml,Fail_MappedNone,trade.tradeHeader.partyTradeInformation(1).reportingRegime(3).name,trade.tradeHeader.partyTradeInformation.reportingRegime.name,0,,Element with value JFSA could not be mapped to a rosettaField
cdm-sample-files/pre-enrich/mockup-pre-enrich-ssbs.xml,Fail_MappedNone,party(0)[id=party1].classification(2)[industryClassificationScheme=http://www.fpml.org/coding-scheme/esma-emir-refit-regulatory-corporate-sector].industryClassificationScheme,party[id=party1].classification[industryClassificationScheme=http://www.fpml.org/coding-scheme/esma-emir-refit-regulatory-corporate-sector].industryClassificationScheme,0,,Element with value http://www.fpml.org/coding-scheme/esma-emir-refit-regulatory-corporate-sector could not be mapped to a rosettaField
cdm-sample-files/pre-enrich/mockup-pre-enrich-ssbs.xml,Fail_MappedMultiple,party(4)[id=clearing-member].partyId[partyIdScheme=http://www.fpml.org/coding-scheme/external/iso17442].partyIdScheme,party[id=clearing-member].partyId[partyIdScheme=http://www.fpml.org/coding-scheme/external/iso17442].partyIdScheme,2,"ReportableEvent.originatingWorkflowStep.proposedEvent.instruction(0).before.value.trade.party(4).partyId(0).identifier.meta.scheme=[http://www.fpml.org/coding-scheme/external/exchange-id-MIC, http://www.fpml.org/coding-scheme/external/iso17442]
ReportableEvent.originatingWorkflowStep.proposedEvent.instruction(0).before.value.trade.party(4).partyId(0).identifierType=[LEI, MIC]",Element mapped to multiple rosettaFields
cdm-sample-files/pre-enrich/mockup-pre-enrich-ssbs.xml,Fail_MappedNone,trade.tradeHeader.partyTradeInformation(0).reportingRegime(4).supervisorRegistration.supervisoryBody,trade.tradeHeader.partyTradeInformation.reportingRegime.supervisorRegistration.supervisoryBody,0,,Element with value JFSA could not be mapped to a rosettaField
cdm-sample-files/pre-enrich/mockup-pre-enrich-ssbs.xml,Fail_MappedNone,trade.tradeHeader.partyTradeInformation(1).reportingRegime(0).supervisorRegistration.supervisoryBody,trade.tradeHeader.partyTradeInformation.reportingRegime.supervisorRegistration.supervisoryBody,0,,Element with value MAS could not be mapped to a rosettaField
cdm-sample-files/pre-enrich/mockup-pre-enrich-ssbs.xml,Fail_MappedNone,trade.tradeHeader.partyTradeInformation(0).reportingRegime(2).name,trade.tradeHeader.partyTradeInformation.reportingRegime.name,0,,Element with value EMIR could not be mapped to a rosettaField
cdm-sample-files/pre-enrich/mockup-pre-enrich-ssbs.xml,Fail_MappedNone,trade.tradeHeader.partyTradeInformation(0).reportingRegime(2).reportingPurpose,trade.tradeHeader.partyTradeInformation.reportingRegime.reportingPurpose,0,,Element with value PrimaryEconomicTerms could not be mapped to a rosettaField
cdm-sample-files/pre-enrich/mockup-pre-enrich-ssbs.xml,Fail_MappedNone,trade.tradeHeader.partyTradeInformation(0).executionVenueType,trade.tradeHeader.partyTradeInformation.executionVenueType,0,,Element with value OffFacility could not be mapped to a rosettaField
cdm-sample-files/pre-enrich/mockup-pre-enrich-ssbs.xml,Fail_MappedNone,trade.tradeHeader.partyTradeInformation(1).reportingRegime(0).reportingRole,trade.tradeHeader.partyTradeInformation.reportingRegime.reportingRole,0,,Element with value ReportingParty could not be mapped to a rosettaField
cdm-sample-files/pre-enrich/mockup-pre-enrich-ssbs.xml,Fail_MappedNone,trade.tradeHeader.partyTradeInformation(0).reportingRegime(0).mandatorilyClearable,trade.tradeHeader.partyTradeInformation.reportingRegime.mandatorilyClearable,0,,Element with value false could not be mapped to a rosettaField
cdm-sample-files/pre-enrich/mockup-pre-enrich-ssbs.xml,Fail_MappedNone,party(1)[id=party2].classification(3)[industryClassificationScheme=http://www.fpml.org/coding-scheme/regulatory-corporate-sector],party[id=party2].classification[industryClassificationScheme=http://www.fpml.org/coding-scheme/regulatory-corporate-sector],0,,Element with value UCITS could not be mapped to a rosettaField
cdm-sample-files/pre-enrich/mockup-pre-enrich-ssbs.xml,Fail_MappedMultiple,party(5)[id=original_sdr].partyId[partyIdScheme=http://www.fpml.org/coding-scheme/external/iso17442].partyIdScheme,party[id=original_sdr].partyId[partyIdScheme=http://www.fpml.org/coding-scheme/external/iso17442].partyIdScheme,2,"ReportableEvent.originatingWorkflowStep.proposedEvent.instruction(0).before.value.trade.party(5).partyId(0).identifier.meta.scheme=[http://www.fpml.org/coding-scheme/external/exchange-id-MIC, http://www.fpml.org/coding-scheme/external/iso17442]
ReportableEvent.originatingWorkflowStep.proposedEvent.instruction(0).before.value.trade.party(5).partyId(0).identifierType=[LEI, MIC]",Element mapped to multiple rosettaFields
cdm-sample-files/pre-enrich/mockup-pre-enrich-ssbs.xml,Fail_MappedNone,party(0)[id=party1].classification(1)[industryClassificationScheme=http://www.fpml.org/coding-scheme/hkma-rewrite-regulatory-corporate-sector],party[id=party1].classification[industryClassificationScheme=http://www.fpml.org/coding-scheme/hkma-rewrite-regulatory-corporate-sector],0,,Element with value AIFD could not be mapped to a rosettaField
cdm-sample-files/pre-enrich/mockup-pre-enrich-ssbs.xml,Fail_MappedNone,quote.value,quote.value,0,,Element with value 1235 could not be mapped to a rosettaField
cdm-sample-files/pre-enrich/mockup-pre-enrich-ssbs.xml,Fail_MappedNone,trade.tradeHeader.partyTradeInformation(0).relatedBusinessUnit(1).businessUnitReference[href=desk1].href,trade.tradeHeader.partyTradeInformation.relatedBusinessUnit.businessUnitReference[href=desk1].href,0,,Element with value desk1 could not be mapped to a rosettaField
cdm-sample-files/pre-enrich/mockup-pre-enrich-ssbs.xml,Fail_MappedNone,trade.tradeHeader.partyTradeInformation(0).collateralizationType,trade.tradeHeader.partyTradeInformation.collateralizationType,0,,Element with value Fully could not be mapped to a rosettaField
cdm-sample-files/pre-enrich/mockup-pre-enrich-ssbs.xml,Fail_MappedNone,trade.tradeHeader.partyTradeInformation(0).reportingRegime(3).exceedsClearingThreshold,trade.tradeHeader.partyTradeInformation.reportingRegime.exceedsClearingThreshold,0,,Element with value true could not be mapped to a rosettaField
cdm-sample-files/pre-enrich/mockup-pre-enrich-ssbs.xml,Fail_MappedNone,trade.tradeHeader.partyTradeInformation(0).reportingRegime(1).postPricedIndicator,trade.tradeHeader.partyTradeInformation.reportingRegime.postPricedIndicator,0,,Element with value true could not be mapped to a rosettaField
cdm-sample-files/pre-enrich/mockup-pre-enrich-ssbs.xml,Fail_MappedNone,trade.tradeHeader.partyTradeInformation(0).reportingRegime(5).entityClassification[entityClassificationScheme=http://www.fpml.org/coding-scheme/cftc-entity-classification],trade.tradeHeader.partyTradeInformation.reportingRegime.entityClassification[entityClassificationScheme=http://www.fpml.org/coding-scheme/cftc-entity-classification],0,,Element with value SBSD could not be mapped to a rosettaField
cdm-sample-files/pre-enrich/mockup-pre-enrich-ssbs.xml,Fail_MappedNone,trade.tradeHeader.partyTradeInformation(1).reportingRegime(4).name,trade.tradeHeader.partyTradeInformation.reportingRegime.name,0,,Element with value CSA could not be mapped to a rosettaField
cdm-sample-files/pre-enrich/mockup-pre-enrich-ssbs.xml,Fail_MappedNone,trade.tradeHeader.partyTradeInformation(0).reportingRegime(6).reportingRole,trade.tradeHeader.partyTradeInformation.reportingRegime.reportingRole,0,,Element with value ReportingParty could not be mapped to a rosettaField
cdm-sample-files/pre-enrich/mockup-pre-enrich-ssbs.xml,Fail_MappedNone,trade.tradeHeader.partyTradeInformation(1).reportingRegime(2).mandatorilyClearable,trade.tradeHeader.partyTradeInformation.reportingRegime.mandatorilyClearable,0,,Element with value false could not be mapped to a rosettaField
cdm-sample-files/pre-enrich/mockup-pre-enrich-ssbs.xml,Fail_MappedNone,party(0)[id=party1].classification(2)[industryClassificationScheme=http://www.fpml.org/coding-scheme/esma-emir-refit-regulatory-corporate-sector],party[id=party1].classification[industryClassificationScheme=http://www.fpml.org/coding-scheme/esma-emir-refit-regulatory-corporate-sector],0,,Element with value AIFD could not be mapped to a rosettaField
cdm-sample-files/pre-enrich/mockup-pre-enrich-ssbs.xml,Fail_MappedNone,trade.tradeHeader.partyTradeInformation(0).reportingRegime(6).supervisorRegistration.supervisoryBody,trade.tradeHeader.partyTradeInformation.reportingRegime.supervisorRegistration.supervisoryBody,0,,Element with value HKMA could not be mapped to a rosettaField
cdm-sample-files/pre-enrich/mockup-pre-enrich-ssbs.xml,Fail_MappedNone,trade.equitySwapTransactionSupplement.optionalEarlyTermination,trade.equitySwapTransactionSupplement.optionalEarlyTermination,0,,Element with value true could not be mapped to a rosettaField
cdm-sample-files/pre-enrich/mockup-pre-enrich-ssbs.xml,Fail_MappedNone,trade.tradeHeader.partyTradeInformation(1).reportingRegime(2).supervisorRegistration.supervisoryBody,trade.tradeHeader.partyTradeInformation.reportingRegime.supervisorRegistration.supervisoryBody,0,,Element with value FCA could not be mapped to a rosettaField
cdm-sample-files/pre-enrich/mockup-pre-enrich-ssbs.xml,Fail_MappedNone,trade.tradeHeader.partyTradeInformation(0).reportingRegime(1).reportingPurpose,trade.tradeHeader.partyTradeInformation.reportingRegime.reportingPurpose,0,,Element with value PrimaryEconomicTerms could not be mapped to a rosettaField
cdm-sample-files/pre-enrich/mockup-pre-enrich-ssbs.xml,Fail_MappedNone,trade.tradeHeader.partyTradeInformation(0).reportingRegime(3).name,trade.tradeHeader.partyTradeInformation.reportingRegime.name,0,,Element with value UKEMIR could not be mapped to a rosettaField
cdm-sample-files/pre-enrich/mockup-pre-enrich-ssbs.xml,Fail_MappedNone,party(1)[id=party2].classification(1)[industryClassificationScheme=http://www.fpml.org/coding-scheme/hkma-rewrite-regulatory-corporate-sector],party[id=party2].classification[industryClassificationScheme=http://www.fpml.org/coding-scheme/hkma-rewrite-regulatory-corporate-sector],0,,Element with value UCIT could not be mapped to a rosettaField
cdm-sample-files/pre-enrich/mockup-pre-enrich-ssbs.xml,Fail_MappedNone,trade.tradeHeader.partyTradeInformation(1).reportingRegime(3).reportingRole,trade.tradeHeader.partyTradeInformation.reportingRegime.reportingRole,0,,Element with value ReportingParty could not be mapped to a rosettaField
cdm-sample-files/pre-enrich/mockup-pre-enrich-ssbs.xml,Fail_MappedNone,trade.tradeHeader.partyTradeInformation(0).reportingRegime(2).entityClassification[entityClassificationScheme=http://www.fpml.org/coding-scheme/esma-entity-classification],trade.tradeHeader.partyTradeInformation.reportingRegime.entityClassification[entityClassificationScheme=http://www.fpml.org/coding-scheme/esma-entity-classification],0,,Element with value Financial could not be mapped to a rosettaField
cdm-sample-files/pre-enrich/mockup-pre-enrich-ssbs.xml,Fail_MappedNone,trade.tradeHeader.partyTradeInformation(1).reportingRegime(2).reportingPurpose,trade.tradeHeader.partyTradeInformation.reportingRegime.reportingPurpose,0,,Element with value PrimaryEconomicTerms could not be mapped to a rosettaField
cdm-sample-files/pre-enrich/mockup-pre-enrich-ssbs.xml,Fail_MappedNone,trade.tradeHeader.partyTradeInformation(1).reportingRegime(5).name,trade.tradeHeader.partyTradeInformation.reportingRegime.name,0,,Element with value HKTR could not be mapped to a rosettaField
cdm-sample-files/pre-enrich/mockup-pre-enrich-ssbs.xml,Fail_MappedNone,trade.tradeHeader.partyTradeInformation(1).reportingRegime(1).mandatorilyClearable,trade.tradeHeader.partyTradeInformation.reportingRegime.mandatorilyClearable,0,,Element with value false could not be mapped to a rosettaField
cdm-sample-files/pre-enrich/mockup-pre-enrich-ssbs.xml,Fail_MappedNone,party(1)[id=party2].classification(2)[industryClassificationScheme=http://www.fpml.org/coding-scheme/esma-emir-refit-regulatory-corporate-sector],party[id=party2].classification[industryClassificationScheme=http://www.fpml.org/coding-scheme/esma-emir-refit-regulatory-corporate-sector],0,,Element with value UCIT could not be mapped to a rosettaField
cdm-sample-files/pre-enrich/mockup-pre-enrich-ssbs.xml,Fail_MappedNone,trade.equitySwapTransactionSupplement.interestLeg[id=interestLeg].interestAmount.currencyReference[href=equityPaymentCurrency].href,trade.equitySwapTransactionSupplement.interestLeg[id=interestLeg].interestAmount.currencyReference[href=equityPaymentCurrency].href,0,,Element with value equityPaymentCurrency could not be mapped to a rosettaField
cdm-sample-files/pre-enrich/mockup-pre-enrich-ssbs.xml,Fail_MappedMultiple,party(6)[id=venue].partyId(1)[partyIdScheme=http://www.fpml.org/coding-scheme/external/exchange-id-MIC].partyIdScheme,party[id=venue].partyId[partyIdScheme=http://www.fpml.org/coding-scheme/external/exchange-id-MIC].partyIdScheme,2,"ReportableEvent.originatingWorkflowStep.proposedEvent.instruction(0).before.value.trade.party(6).partyId(1).identifierType=[LEI, MIC]
ReportableEvent.originatingWorkflowStep.proposedEvent.instruction(0).before.value.trade.party(6).partyId(1).identifier.meta.scheme=[http://www.fpml.org/coding-scheme/external/exchange-id-MIC, http://www.fpml.org/coding-scheme/external/iso17442]",Element mapped to multiple rosettaFields
cdm-sample-files/pre-enrich/mockup-pre-enrich-ssbs.xml,Fail_MappedNone,party(0)[id=party1].classification(0)[industryClassificationScheme=http://www.fpml.org/coding-scheme/regulatory-corporate-sector],party[id=party1].classification[industryClassificationScheme=http://www.fpml.org/coding-scheme/regulatory-corporate-sector],0,,Element with value Household could not be mapped to a rosettaField
cdm-sample-files/pre-enrich/mockup-pre-enrich-ssbs.xml,Fail_MappedMultiple,party(0)[id=party1].partyId[partyIdScheme=http://www.fpml.org/coding-scheme/external/iso17442].partyIdScheme,party[id=party1].partyId[partyIdScheme=http://www.fpml.org/coding-scheme/external/iso17442].partyIdScheme,2,"ReportableEvent.originatingWorkflowStep.proposedEvent.instruction(0).before.value.trade.party(0).partyId(0).identifierType=[LEI, MIC]
ReportableEvent.originatingWorkflowStep.proposedEvent.instruction(0).before.value.trade.party(0).partyId(0).identifier.meta.scheme=[http://www.fpml.org/coding-scheme/external/exchange-id-MIC, http://www.fpml.org/coding-scheme/external/iso17442]",Element mapped to multiple rosettaFields
cdm-sample-files/pre-enrich/mockup-pre-enrich-ssbs.xml,Fail_MappedNone,trade.tradeHeader.partyTradeInformation(0).reportingRegime(1).reportingRole,trade.tradeHeader.partyTradeInformation.reportingRegime.reportingRole,0,,Element with value ReportingParty could not be mapped to a rosettaField
cdm-sample-files/pre-enrich/mockup-pre-enrich-ssbs.xml,Fail_MappedNone,trade.tradeHeader.partyTradeInformation(0).reportingRegime(0).reportingPurpose(0),trade.tradeHeader.partyTradeInformation.reportingRegime.reportingPurpose,0,,Element with value RealTimePublic could not be mapped to a rosettaField
cdm-sample-files/pre-enrich/mockup-pre-enrich-ssbs.xml,Fail_MappedNone,trade.tradeHeader.partyTradeInformation(0).reportingRegime(4).name,trade.tradeHeader.partyTradeInformation.reportingRegime.name,0,,Element with value JFSA could not be mapped to a rosettaField
cdm-sample-files/pre-enrich/mockup-pre-enrich-ssbs.xml,Fail_MappedNone,trade.tradeHeader.partyTradeInformation(1).reportingRegime(4).entityClassification[entityClassificationScheme=http://www.fpml.org/coding-scheme/cftc-entity-classification].entityClassificationScheme,trade.tradeHeader.partyTradeInformation.reportingRegime.entityClassification[entityClassificationScheme=http://www.fpml.org/coding-scheme/cftc-entity-classification].entityClassificationScheme,0,,Element with value http://www.fpml.org/coding-scheme/cftc-entity-classification could not be mapped to a rosettaField
cdm-sample-files/pre-enrich/mockup-pre-enrich-ssbs.xml,Fail_MappedNone,trade.tradeHeader.partyTradeInformation(1).reportingRegime(4).entityClassification[entityClassificationScheme=http://www.fpml.org/coding-scheme/cftc-entity-classification],trade.tradeHeader.partyTradeInformation.reportingRegime.entityClassification[entityClassificationScheme=http://www.fpml.org/coding-scheme/cftc-entity-classification],0,,Element with value SBSD could not be mapped to a rosettaField
cdm-sample-files/pre-enrich/mockup-pre-enrich-ssbs.xml,Fail_MappedNone,trade.tradeHeader.partyTradeInformation(0).largeSizeTrade,trade.tradeHeader.partyTradeInformation.largeSizeTrade,0,,Element with value false could not be mapped to a rosettaField
cdm-sample-files/pre-enrich/mockup-pre-enrich-ssbs.xml,Fail_MappedNone,trade.tradeHeader.partyTradeInformation(0).reportingRegime(0).reportingPurpose(1),trade.tradeHeader.partyTradeInformation.reportingRegime.reportingPurpose,0,,Element with value PrimaryEconomicTerms could not be mapped to a rosettaField
cdm-sample-files/pre-enrich/mockup-pre-enrich-ssbs.xml,Fail_MappedNone,quote.currency,quote.currency,0,,Element with value AUD could not be mapped to a rosettaField
cdm-sample-files/pre-enrich/mockup-pre-enrich-ssbs.xml,Fail_MappedMultiple,party(1)[id=party2].partyId[partyIdScheme=http://www.fpml.org/coding-scheme/external/iso17442].partyIdScheme,party[id=party2].partyId[partyIdScheme=http://www.fpml.org/coding-scheme/external/iso17442].partyIdScheme,2,"ReportableEvent.originatingWorkflowStep.proposedEvent.instruction(0).before.value.trade.party(1).partyId(0).identifier.meta.scheme=[http://www.fpml.org/coding-scheme/external/exchange-id-MIC, http://www.fpml.org/coding-scheme/external/iso17442]
ReportableEvent.originatingWorkflowStep.proposedEvent.instruction(0).before.value.trade.party(1).partyId(0).identifierType=[LEI, MIC]",Element mapped to multiple rosettaFields
cdm-sample-files/pre-enrich/mockup-pre-enrich-ssbs.xml,Fail_MappedNone,trade.tradeHeader.partyTradeInformation(1).reportingRegime(2).reportingRole,trade.tradeHeader.partyTradeInformation.reportingRegime.reportingRole,0,,Element with value ReportingParty could not be mapped to a rosettaField
cdm-sample-files/pre-enrich/mockup-pre-enrich-ssbs.xml,Fail_MappedNone,trade.tradeHeader.partyTradeInformation(0).reportingRegime(6).mandatorilyClearable,trade.tradeHeader.partyTradeInformation.reportingRegime.mandatorilyClearable,0,,Element with value false could not be mapped to a rosettaField
cdm-sample-files/pre-enrich/mockup-pre-enrich-ssbs.xml,Fail_MappedNone,trade.tradeHeader.partyTradeInformation(0).reportingRegime(3).entityClassification[entityClassificationScheme=http://www.fpml.org/coding-scheme/esma-entity-classification].entityClassificationScheme,trade.tradeHeader.partyTradeInformation.reportingRegime.entityClassification[entityClassificationScheme=http://www.fpml.org/coding-scheme/esma-entity-classification].entityClassificationScheme,0,,Element with value http://www.fpml.org/coding-scheme/esma-entity-classification could not be mapped to a rosettaField
cdm-sample-files/pre-enrich/mockup-pre-enrich-ssbs.xml,Fail_MappedMultiple,party(6)[id=venue].partyId(0)[partyIdScheme=http://www.fpml.org/coding-scheme/external/iso17442].partyIdScheme,party[id=venue].partyId[partyIdScheme=http://www.fpml.org/coding-scheme/external/iso17442].partyIdScheme,2,"ReportableEvent.originatingWorkflowStep.proposedEvent.instruction(0).before.value.trade.party(6).partyId(0).identifierType=[LEI, MIC]
ReportableEvent.originatingWorkflowStep.proposedEvent.instruction(0).before.value.trade.party(6).partyId(0).identifier.meta.scheme=[http://www.fpml.org/coding-scheme/external/exchange-id-MIC, http://www.fpml.org/coding-scheme/external/iso17442]",Element mapped to multiple rosettaFields
cdm-sample-files/pre-enrich/mockup-pre-enrich-ssbs.xml,Fail_MappedNone,trade.tradeHeader.partyTradeInformation(1).reportingRegime(1).supervisorRegistration.supervisoryBody,trade.tradeHeader.partyTradeInformation.reportingRegime.supervisorRegistration.supervisoryBody,0,,Element with value ESMA could not be mapped to a rosettaField
cdm-sample-files/pre-enrich/mockup-pre-enrich-ssbs.xml,Fail_MappedNone,trade.tradeHeader.partyTradeInformation(1).reportingRegime(1).reportingPurpose,trade.tradeHeader.partyTradeInformation.reportingRegime.reportingPurpose,0,,Element with value PrimaryEconomicTerms could not be mapped to a rosettaField
cdm-sample-files/pre-enrich/mockup-pre-enrich-ssbs.xml,Fail_MappedNone,trade.tradeHeader.partyTradeInformation(0).reportingRegime(3).entityClassification[entityClassificationScheme=http://www.fpml.org/coding-scheme/esma-entity-classification],trade.tradeHeader.partyTradeInformation.reportingRegime.entityClassification[entityClassificationScheme=http://www.fpml.org/coding-scheme/esma-entity-classification],0,,Element with value Financial could not be mapped to a rosettaField
cdm-sample-files/pre-enrich/mockup-pre-enrich-ssbs.xml,Fail_MappedNone,sequenceNumber,sequenceNumber,0,,Element with value 1 could not be mapped to a rosettaField
cdm-sample-files/pre-enrich/mockup-pre-enrich-ssbs.xml,Fail_MappedNone,trade.tradeHeader.partyTradeInformation(0).reportingRegime(5).name,trade.tradeHeader.partyTradeInformation.reportingRegime.name,0,,Element with value CSA could not be mapped to a rosettaField
cdm-sample-files/pre-enrich/mockup-pre-enrich-ssbs.xml,Fail_MappedNone,trade.tradeHeader.partyTradeInformation(1).reportingRegime(0).mandatorilyClearable,trade.tradeHeader.partyTradeInformation.reportingRegime.mandatorilyClearable,0,,Element with value false could not be mapped to a rosettaField
cdm-sample-files/pre-enrich/mockup-pre-enrich-ssbs.xml,Fail_MappedNone,trade.tradeHeader.partyTradeInformation(0).reportingRegime(0).supervisorRegistration.supervisoryBody,trade.tradeHeader.partyTradeInformation.reportingRegime.supervisorRegistration.supervisoryBody,0,,Element with value ASIC could not be mapped to a rosettaField
cdm-sample-files/pre-enrich/mockup-pre-enrich-ssbs.xml,Fail_MappedNone,party(1)[id=party2].classification(0)[industryClassificationScheme=http://www.fpml.org/coding-scheme/regulatory-corporate-sector],party[id=party2].classification[industryClassificationScheme=http://www.fpml.org/coding-scheme/regulatory-corporate-sector],0,,Element with value NonFinancial could not be mapped to a rosettaField
cdm-sample-files/pre-enrich/mockup-pre-enrich-ssbs.xml,Fail_MappedNone,trade.tradeHeader.partyTradeInformation(0).reportingRegime(0).reportingRole,trade.tradeHeader.partyTradeInformation.reportingRegime.reportingRole,0,,Element with value ReportingParty could not be mapped to a rosettaField
cdm-sample-files/pre-enrich/mockup-pre-enrich-ssbs.xml,Fail_MappedNone,party(1)[id=party2].organizationType(1)[organizationTypeScheme=http://www.fpml.org/coding-scheme/cftc-organization-type].organizationTypeScheme,party[id=party2].organizationType[organizationTypeScheme=http://www.fpml.org/coding-scheme/cftc-organization-type].organizationTypeScheme,0,,Element with value http://www.fpml.org/coding-scheme/cftc-organization-type could not be mapped to a rosettaField
cdm-sample-files/pre-enrich/mockup-pre-enrich.xml,Fail_MappedNone,party(1)[id=party2].region,party[id=party2].region,0,,Element with value NonEEA could not be mapped to a rosettaField
cdm-sample-files/pre-enrich/mockup-pre-enrich.xml,Fail_MappedNone,trade.tradeHeader.partyTradeInformation(0).reportingRegime(2).supervisorRegistration.supervisoryBody,trade.tradeHeader.partyTradeInformation.reportingRegime.supervisorRegistration.supervisoryBody,0,,Element with value FCA could not be mapped to a rosettaField
cdm-sample-files/pre-enrich/mockup-pre-enrich.xml,Fail_MappedMultiple,party(7)[id=executing_agent].partyId[partyIdScheme=http://www.fpml.org/coding-scheme/external/iso17442].partyIdScheme,party[id=executing_agent].partyId[partyIdScheme=http://www.fpml.org/coding-scheme/external/iso17442].partyIdScheme,2,"ReportableEvent.originatingWorkflowStep.proposedEvent.instruction(0).before.value.trade.party(7).partyId(0).identifierType=[LEI, MIC]
ReportableEvent.originatingWorkflowStep.proposedEvent.instruction(0).before.value.trade.party(7).partyId(0).identifier.meta.scheme=[http://www.fpml.org/coding-scheme/external/exchange-id-MIC, http://www.fpml.org/coding-scheme/external/iso17442]",Element mapped to multiple rosettaFields
cdm-sample-files/pre-enrich/mockup-pre-enrich.xml,Fail_MappedNone,trade.tradeHeader.partyTradeInformation(1).reportingRegime(1).entityClassification[entityClassificationScheme=http://www.fpml.org/coding-scheme/esma-entity-classification],trade.tradeHeader.partyTradeInformation.reportingRegime.entityClassification[entityClassificationScheme=http://www.fpml.org/coding-scheme/esma-entity-classification],0,,Element with value Financial could not be mapped to a rosettaField
cdm-sample-files/pre-enrich/mockup-pre-enrich.xml,Fail_MappedNone,trade.tradeHeader.uniqueSwapIdentifier.issuer[issuerIdScheme=http://www.fpml.org/coding-scheme/external/cftc/issuer-identifier],trade.tradeHeader.uniqueSwapIdentifier.issuer[issuerIdScheme=http://www.fpml.org/coding-scheme/external/cftc/issuer-identifier],0,,Element with value 1031234567 could not be mapped to a rosettaField
cdm-sample-files/pre-enrich/mockup-pre-enrich.xml,Fail_MappedNone,correlationId[correlationIdScheme=http://fpml.org/submitter_trade_id].correlationIdScheme,correlationId[correlationIdScheme=http://fpml.org/submitter_trade_id].correlationIdScheme,0,,Element with value http://fpml.org/submitter_trade_id could not be mapped to a rosettaField
cdm-sample-files/pre-enrich/mockup-pre-enrich.xml,Fail_MappedNone,trade.tradeHeader.partyTradeInformation(0).isSecuritiesFinancing,trade.tradeHeader.partyTradeInformation.isSecuritiesFinancing,0,,Element with value false could not be mapped to a rosettaField
cdm-sample-files/pre-enrich/mockup-pre-enrich.xml,Fail_MappedNone,trade.tradeHeader.partyTradeInformation(1).reportingRegime(0).reportingPurpose,trade.tradeHeader.partyTradeInformation.reportingRegime.reportingPurpose,0,,Element with value PrimaryEconomicTerms could not be mapped to a rosettaField
cdm-sample-files/pre-enrich/mockup-pre-enrich.xml,Fail_MappedNone,party(1)[id=party2].classification(0)[industryClassificationScheme=http://www.fpml.org/coding-scheme/external/esma/corporate-sector].industryClassificationScheme,party[id=party2].classification[industryClassificationScheme=http://www.fpml.org/coding-scheme/external/esma/corporate-sector].industryClassificationScheme,0,,Element with value http://www.fpml.org/coding-scheme/external/esma/corporate-sector could not be mapped to a rosettaField
cdm-sample-files/pre-enrich/mockup-pre-enrich.xml,Fail_MappedNone,party(0)[id=party1].organizationType(1)[organizationTypeScheme=http://www.fpml.org/coding-scheme/cftc-organization-type].organizationTypeScheme,party[id=party1].organizationType[organizationTypeScheme=http://www.fpml.org/coding-scheme/cftc-organization-type].organizationTypeScheme,0,,Element with value http://www.fpml.org/coding-scheme/cftc-organization-type could not be mapped to a rosettaField
cdm-sample-files/pre-enrich/mockup-pre-enrich.xml,Fail_MappedNone,trade.tradeHeader.partyTradeInformation(0).reportingRegime(5).mandatorilyClearable,trade.tradeHeader.partyTradeInformation.reportingRegime.mandatorilyClearable,0,,Element with value false could not be mapped to a rosettaField
cdm-sample-files/pre-enrich/mockup-pre-enrich.xml,Fail_MappedNone,trade.tradeHeader.partyTradeInformation(0).offMarketPrice,trade.tradeHeader.partyTradeInformation.offMarketPrice,0,,Element with value false could not be mapped to a rosettaField
cdm-sample-files/pre-enrich/mockup-pre-enrich.xml,Fail_MappedNone,trade.tradeHeader.partyTradeInformation(1).reportingRegime(1).entityClassification[entityClassificationScheme=http://www.fpml.org/coding-scheme/esma-entity-classification].entityClassificationScheme,trade.tradeHeader.partyTradeInformation.reportingRegime.entityClassification[entityClassificationScheme=http://www.fpml.org/coding-scheme/esma-entity-classification].entityClassificationScheme,0,,Element with value http://www.fpml.org/coding-scheme/esma-entity-classification could not be mapped to a rosettaField
cdm-sample-files/pre-enrich/mockup-pre-enrich.xml,Fail_MappedNone,trade.equitySwapTransactionSupplement.buyerPartyReference[href=party1].href,trade.equitySwapTransactionSupplement.buyerPartyReference[href=party1].href,0,,Element with value party1 could not be mapped to a rosettaField
cdm-sample-files/pre-enrich/mockup-pre-enrich.xml,Fail_MappedNone,trade.tradeHeader.partyTradeInformation(0).relatedBusinessUnit(0).role,trade.tradeHeader.partyTradeInformation.relatedBusinessUnit.role,0,,Element with value RegisteredBranch could not be mapped to a rosettaField
cdm-sample-files/pre-enrich/mockup-pre-enrich.xml,Fail_MappedNone,trade.equitySwapTransactionSupplement.returnLeg.amount.currency[id=equityPaymentCurrency].id,trade.equitySwapTransactionSupplement.returnLeg.amount.currency[id=equityPaymentCurrency].id,0,,Element with value equityPaymentCurrency could not be mapped to a rosettaField
cdm-sample-files/pre-enrich/mockup-pre-enrich.xml,Fail_MappedNone,trade.tradeHeader.partyTradeInformation(0).reportingRegime(3).reportingRole,trade.tradeHeader.partyTradeInformation.reportingRegime.reportingRole,0,,Element with value ReportingParty could not be mapped to a rosettaField
cdm-sample-files/pre-enrich/mockup-pre-enrich.xml,Fail_MappedNone,party(0)[id=party1].organizationType(1)[organizationTypeScheme=http://www.fpml.org/coding-scheme/cftc-organization-type],party[id=party1].organizationType[organizationTypeScheme=http://www.fpml.org/coding-scheme/cftc-organization-type],0,,Element with value CharteredPursuantToFederalLaw could not be mapped to a rosettaField
cdm-sample-files/pre-enrich/mockup-pre-enrich.xml,Fail_MappedNone,trade.tradeHeader.partyTradeInformation(0).reportingRegime(4).entityClassification[entityClassificationScheme=http://www.fpml.org/coding-scheme/cftc-entity-classification].entityClassificationScheme,trade.tradeHeader.partyTradeInformation.reportingRegime.entityClassification[entityClassificationScheme=http://www.fpml.org/coding-scheme/cftc-entity-classification].entityClassificationScheme,0,,Element with value http://www.fpml.org/coding-scheme/cftc-entity-classification could not be mapped to a rosettaField
cdm-sample-files/pre-enrich/mockup-pre-enrich.xml,Fail_MappedNone,trade.tradeHeader.partyTradeInformation(1).reportingRegime(1).exceedsClearingThreshold,trade.tradeHeader.partyTradeInformation.reportingRegime.exceedsClearingThreshold,0,,Element with value true could not be mapped to a rosettaField
cdm-sample-files/pre-enrich/mockup-pre-enrich.xml,Fail_MappedNone,trade.tradeHeader.partyTradeInformation(1).reportingRegime(0).entityClassification[entityClassificationScheme=http://www.fpml.org/coding-scheme/esma-entity-classification].entityClassificationScheme,trade.tradeHeader.partyTradeInformation.reportingRegime.entityClassification[entityClassificationScheme=http://www.fpml.org/coding-scheme/esma-entity-classification].entityClassificationScheme,0,,Element with value http://www.fpml.org/coding-scheme/esma-entity-classification could not be mapped to a rosettaField
cdm-sample-files/pre-enrich/mockup-pre-enrich.xml,Fail_MappedNone,trade.tradeHeader.partyTradeInformation(1).reportingRegime(3).supervisorRegistration.supervisoryBody,trade.tradeHeader.partyTradeInformation.reportingRegime.supervisorRegistration.supervisoryBody,0,,Element with value CA.AB.ASC could not be mapped to a rosettaField
cdm-sample-files/pre-enrich/mockup-pre-enrich.xml,Fail_MappedNone,party(1)[id=party2].classification(1)[industryClassificationScheme=http://www.fpml.org/coding-scheme/hkma-rewrite-regulatory-corporate-sector].industryClassificationScheme,party[id=party2].classification[industryClassificationScheme=http://www.fpml.org/coding-scheme/hkma-rewrite-regulatory-corporate-sector].industryClassificationScheme,0,,Element with value http://www.fpml.org/coding-scheme/hkma-rewrite-regulatory-corporate-sector could not be mapped to a rosettaField
cdm-sample-files/pre-enrich/mockup-pre-enrich.xml,Fail_MappedNone,trade.equitySwapTransactionSupplement.interestLeg[id=interestLeg].id,trade.equitySwapTransactionSupplement.interestLeg[id=interestLeg].id,0,,Element with value interestLeg could not be mapped to a rosettaField
cdm-sample-files/pre-enrich/mockup-pre-enrich.xml,Fail_MappedNone,trade.tradeHeader.partyTradeInformation(1).reportingRegime(4).reportingRole,trade.tradeHeader.partyTradeInformation.reportingRegime.reportingRole,0,,Element with value ReportingParty could not be mapped to a rosettaField
cdm-sample-files/pre-enrich/mockup-pre-enrich.xml,Fail_MappedNone,trade.tradeHeader.partyTradeInformation(0).reportingRegime(4).mandatorilyClearable,trade.tradeHeader.partyTradeInformation.reportingRegime.mandatorilyClearable,0,,Element with value false could not be mapped to a rosettaField
cdm-sample-files/pre-enrich/mockup-pre-enrich.xml,Fail_MappedNone,trade.tradeHeader.partyTradeInformation(0).reportingRegime(1).supervisorRegistration.supervisoryBody,trade.tradeHeader.partyTradeInformation.reportingRegime.supervisorRegistration.supervisoryBody,0,,Element with value ESMA could not be mapped to a rosettaField
cdm-sample-files/pre-enrich/mockup-pre-enrich.xml,Fail_MappedNone,trade.equitySwapTransactionSupplement.optionalEarlyTerminationElectingPartyReference[href=party2].href,trade.equitySwapTransactionSupplement.optionalEarlyTerminationElectingPartyReference[href=party2].href,0,,Element with value party2 could not be mapped to a rosettaField
cdm-sample-files/pre-enrich/mockup-pre-enrich.xml,Fail_MappedNone,party(0)[id=party1].organizationType(0),party[id=party1].organizationType,0,,Element with value SD could not be mapped to a rosettaField
cdm-sample-files/pre-enrich/mockup-pre-enrich.xml,Fail_MappedNone,trade.tradeHeader.partyTradeInformation(0).shortSale,trade.tradeHeader.partyTradeInformation.shortSale,0,,Element with value false could not be mapped to a rosettaField
cdm-sample-files/pre-enrich/mockup-pre-enrich.xml,Fail_MappedNone,trade.tradeHeader.partyTradeInformation(0).reportingRegime(1).entityClassification[entityClassificationScheme=http://www.fpml.org/coding-scheme/esma-entity-classification],trade.tradeHeader.partyTradeInformation.reportingRegime.entityClassification[entityClassificationScheme=http://www.fpml.org/coding-scheme/esma-entity-classification],0,,Element with value Financial could not be mapped to a rosettaField
cdm-sample-files/pre-enrich/mockup-pre-enrich.xml,Fail_MappedNone,trade.tradeHeader.partyTradeInformation(1).reportingRegime(0).name,trade.tradeHeader.partyTradeInformation.reportingRegime.name,0,,Element with value EMIR could not be mapped to a rosettaField
cdm-sample-files/pre-enrich/mockup-pre-enrich.xml,Fail_MappedNone,trade.tradeHeader.partyTradeInformation(0).relatedBusinessUnit(1).role,trade.tradeHeader.partyTradeInformation.relatedBusinessUnit.role,0,,Element with value TradingDesk could not be mapped to a rosettaField
cdm-sample-files/pre-enrich/mockup-pre-enrich.xml,Fail_MappedNone,trade.equitySwapTransactionSupplement.returnLeg.amount.referenceAmount,trade.equitySwapTransactionSupplement.returnLeg.amount.referenceAmount,0,,Element with value StandardISDA could not be mapped to a rosettaField
cdm-sample-files/pre-enrich/mockup-pre-enrich.xml,Fail_MappedNone,trade.tradeHeader.uniqueSwapIdentifier.issuer[issuerIdScheme=http://www.fpml.org/coding-scheme/external/cftc/issuer-identifier].issuerIdScheme,trade.tradeHeader.uniqueSwapIdentifier.issuer[issuerIdScheme=http://www.fpml.org/coding-scheme/external/cftc/issuer-identifier].issuerIdScheme,0,,Element with value http://www.fpml.org/coding-scheme/external/cftc/issuer-identifier could not be mapped to a rosettaField
cdm-sample-files/pre-enrich/mockup-pre-enrich.xml,Fail_MappedMultiple,party(2)[id=broker1].partyId[partyIdScheme=http://www.fpml.org/coding-scheme/external/iso17442].partyIdScheme,party[id=broker1].partyId[partyIdScheme=http://www.fpml.org/coding-scheme/external/iso17442].partyIdScheme,2,"ReportableEvent.originatingWorkflowStep.proposedEvent.instruction(0).before.value.trade.party(2).partyId(0).identifierType=[LEI, MIC]
ReportableEvent.originatingWorkflowStep.proposedEvent.instruction(0).before.value.trade.party(2).partyId(0).identifier.meta.scheme=[http://www.fpml.org/coding-scheme/external/exchange-id-MIC, http://www.fpml.org/coding-scheme/external/iso17442]",Element mapped to multiple rosettaFields
cdm-sample-files/pre-enrich/mockup-pre-enrich.xml,Fail_MappedNone,trade.tradeHeader.partyTradeInformation(0).reportingRegime(2).reportingRole,trade.tradeHeader.partyTradeInformation.reportingRegime.reportingRole,0,,Element with value ReportingParty could not be mapped to a rosettaField
cdm-sample-files/pre-enrich/mockup-pre-enrich.xml,Fail_MappedNone,party(1)[id=party2].organizationType(1)[organizationTypeScheme=http://www.fpml.org/coding-scheme/cftc-organization-type],party[id=party2].organizationType[organizationTypeScheme=http://www.fpml.org/coding-scheme/cftc-organization-type],0,,Element with value CharteredPursuantToFederalLaw could not be mapped to a rosettaField
cdm-sample-files/pre-enrich/mockup-pre-enrich.xml,Fail_MappedNone,trade.equitySwapTransactionSupplement.sellerPartyReference[href=party2].href,trade.equitySwapTransactionSupplement.sellerPartyReference[href=party2].href,0,,Element with value party2 could not be mapped to a rosettaField
cdm-sample-files/pre-enrich/mockup-pre-enrich.xml,Fail_MappedMultiple,party(3)[id=clearing-svc].partyId[partyIdScheme=http://www.fpml.org/coding-scheme/external/iso17442].partyIdScheme,party[id=clearing-svc].partyId[partyIdScheme=http://www.fpml.org/coding-scheme/external/iso17442].partyIdScheme,2,"ReportableEvent.originatingWorkflowStep.proposedEvent.instruction(0).before.value.trade.party(3).partyId(0).identifierType=[LEI, MIC]
ReportableEvent.originatingWorkflowStep.proposedEvent.instruction(0).before.value.trade.party(3).partyId(0).identifier.meta.scheme=[http://www.fpml.org/coding-scheme/external/exchange-id-MIC, http://www.fpml.org/coding-scheme/external/iso17442]",Element mapped to multiple rosettaFields
cdm-sample-files/pre-enrich/mockup-pre-enrich.xml,Fail_MappedNone,party(1)[id=party2].classification(2)[industryClassificationScheme=http://www.fpml.org/coding-scheme/esma-emir-refit-regulatory-corporate-sector].industryClassificationScheme,party[id=party2].classification[industryClassificationScheme=http://www.fpml.org/coding-scheme/esma-emir-refit-regulatory-corporate-sector].industryClassificationScheme,0,,Element with value http://www.fpml.org/coding-scheme/esma-emir-refit-regulatory-corporate-sector could not be mapped to a rosettaField
cdm-sample-files/pre-enrich/mockup-pre-enrich.xml,Fail_MappedNone,trade.tradeHeader.uniqueSwapIdentifier.tradeId[tradeIdScheme=http://www.fpml.org/coding-scheme/external/unique-transaction-identifier].tradeIdScheme,trade.tradeHeader.uniqueSwapIdentifier.tradeId[tradeIdScheme=http://www.fpml.org/coding-scheme/external/unique-transaction-identifier].tradeIdScheme,0,,Element with value http://www.fpml.org/coding-scheme/external/unique-transaction-identifier could not be mapped to a rosettaField
cdm-sample-files/pre-enrich/mockup-pre-enrich.xml,Fail_MappedNone,party(1)[id=party2].organizationType(0),party[id=party2].organizationType,0,,Element with value SD could not be mapped to a rosettaField
cdm-sample-files/pre-enrich/mockup-pre-enrich.xml,Fail_MappedNone,trade.tradeHeader.partyTradeInformation(0).reportingRegime(2).exceedsClearingThreshold,trade.tradeHeader.partyTradeInformation.reportingRegime.exceedsClearingThreshold,0,,Element with value true could not be mapped to a rosettaField
cdm-sample-files/pre-enrich/mockup-pre-enrich.xml,Fail_MappedNone,trade.tradeHeader.partyTradeInformation(0).reportingRegime(0).postPricedIndicator,trade.tradeHeader.partyTradeInformation.reportingRegime.postPricedIndicator,0,,Element with value true could not be mapped to a rosettaField
cdm-sample-files/pre-enrich/mockup-pre-enrich.xml,Fail_MappedNone,trade.tradeHeader.partyTradeInformation(1).reportingRegime(1).name,trade.tradeHeader.partyTradeInformation.reportingRegime.name,0,,Element with value UKEMIR could not be mapped to a rosettaField
cdm-sample-files/pre-enrich/mockup-pre-enrich.xml,Fail_MappedNone,onBehalfOf.partyReference[href=party1].href,onBehalfOf.partyReference[href=party1].href,0,,Element with value party1 could not be mapped to a rosettaField
cdm-sample-files/pre-enrich/mockup-pre-enrich.xml,Fail_MappedNone,trade.tradeHeader.partyTradeInformation(0).reportingRegime(5).reportingRole,trade.tradeHeader.partyTradeInformation.reportingRegime.reportingRole,0,,Element with value ReportingParty could not be mapped to a rosettaField
cdm-sample-files/pre-enrich/mockup-pre-enrich.xml,Success,trade.tradeHeader.partyTradeInformation(0).relatedPerson(2).role,trade.tradeHeader.partyTradeInformation.relatedPerson.role,1,"ReportableEvent.reportableInformation.globalPartyInformation(0).relatedPerson(2).role(0).value=[InvestmentDecisionMaker, Trader]",Element TradingDecisionMaker could not be parsed as a NaturalPersonRoleEnum
cdm-sample-files/pre-enrich/mockup-pre-enrich.xml,Fail_MappedNone,party(0)[id=party1].classification(0)[industryClassificationScheme=http://www.fpml.org/coding-scheme/esma-emir-refit-regulatory-corporate-sector].industryClassificationScheme,party[id=party1].classification[industryClassificationScheme=http://www.fpml.org/coding-scheme/esma-emir-refit-regulatory-corporate-sector].industryClassificationScheme,0,,Element with value http://www.fpml.org/coding-scheme/esma-emir-refit-regulatory-corporate-sector could not be mapped to a rosettaField
cdm-sample-files/pre-enrich/mockup-pre-enrich.xml,Fail_MappedNone,trade.tradeHeader.partyTradeInformation(0).reportingRegime(1).entityClassification[entityClassificationScheme=http://www.fpml.org/coding-scheme/esma-entity-classification].entityClassificationScheme,trade.tradeHeader.partyTradeInformation.reportingRegime.entityClassification[entityClassificationScheme=http://www.fpml.org/coding-scheme/esma-entity-classification].entityClassificationScheme,0,,Element with value http://www.fpml.org/coding-scheme/esma-entity-classification could not be mapped to a rosettaField
cdm-sample-files/pre-enrich/mockup-pre-enrich.xml,Fail_MappedNone,trade.equitySwapTransactionSupplement.interestLeg[id=interestLeg].interestAmount.referenceAmount,trade.equitySwapTransactionSupplement.interestLeg[id=interestLeg].interestAmount.referenceAmount,0,,Element with value StandardISDA could not be mapped to a rosettaField
cdm-sample-files/pre-enrich/mockup-pre-enrich.xml,Fail_MappedNone,trade.tradeHeader.partyTradeInformation(1).reportingRegime(0).postPricedIndicator,trade.tradeHeader.partyTradeInformation.reportingRegime.postPricedIndicator,0,,Element with value true could not be mapped to a rosettaField
cdm-sample-files/pre-enrich/mockup-pre-enrich.xml,Fail_MappedNone,trade.tradeHeader.partyTradeInformation(0).reportingRegime(0).name,trade.tradeHeader.partyTradeInformation.reportingRegime.name,0,,Element with value DoddFrankAct could not be mapped to a rosettaField
cdm-sample-files/pre-enrich/mockup-pre-enrich.xml,Fail_MappedNone,trade.tradeHeader.partyTradeInformation(1).reportingRegime(0).entityClassification[entityClassificationScheme=http://www.fpml.org/coding-scheme/esma-entity-classification],trade.tradeHeader.partyTradeInformation.reportingRegime.entityClassification[entityClassificationScheme=http://www.fpml.org/coding-scheme/esma-entity-classification],0,,Element with value Financial could not be mapped to a rosettaField
cdm-sample-files/pre-enrich/mockup-pre-enrich.xml,Fail_MappedNone,trade.tradeHeader.partyTradeInformation(0).reportingRegime(2).mandatorilyClearable,trade.tradeHeader.partyTradeInformation.reportingRegime.mandatorilyClearable,0,,Element with value false could not be mapped to a rosettaField
cdm-sample-files/pre-enrich/mockup-pre-enrich.xml,Fail_MappedNone,trade.tradeHeader.uniqueSwapIdentifier.tradeId[tradeIdScheme=http://www.fpml.org/coding-scheme/external/unique-transaction-identifier],trade.tradeHeader.uniqueSwapIdentifier.tradeId[tradeIdScheme=http://www.fpml.org/coding-scheme/external/unique-transaction-identifier],0,,Element with value 12345678901234567890123456789012 could not be mapped to a rosettaField
cdm-sample-files/pre-enrich/mockup-pre-enrich.xml,Fail_MappedNone,trade.tradeHeader.partyTradeInformation(0).reportingRegime(3).supervisorRegistration.supervisoryBody,trade.tradeHeader.partyTradeInformation.reportingRegime.supervisorRegistration.supervisoryBody,0,,Element with value JFSA could not be mapped to a rosettaField
cdm-sample-files/pre-enrich/mockup-pre-enrich.xml,Fail_MappedNone,trade.tradeHeader.partyTradeInformation(0).executionType,trade.tradeHeader.partyTradeInformation.executionType,0,,Element with value Electronic could not be mapped to a rosettaField
cdm-sample-files/pre-enrich/mockup-pre-enrich.xml,Fail_MappedNone,trade.tradeHeader.partyTradeInformation(0).reportingRegime(1).exceedsClearingThreshold,trade.tradeHeader.partyTradeInformation.reportingRegime.exceedsClearingThreshold,0,,Element with value true could not be mapped to a rosettaField
cdm-sample-files/pre-enrich/mockup-pre-enrich.xml,Fail_MappedNone,trade.equitySwapTransactionSupplement.optionalEarlyTerminationDate,trade.equitySwapTransactionSupplement.optionalEarlyTerminationDate,0,,Element with value ValuationDate could not be mapped to a rosettaField
cdm-sample-files/pre-enrich/mockup-pre-enrich.xml,Fail_MappedNone,trade.tradeHeader.partyTradeInformation(1).reportingRegime(2).name,trade.tradeHeader.partyTradeInformation.reportingRegime.name,0,,Element with value JFSA could not be mapped to a rosettaField
cdm-sample-files/pre-enrich/mockup-pre-enrich.xml,Fail_MappedNone,correlationId[correlationIdScheme=http://fpml.org/submitter_trade_id],correlationId[correlationIdScheme=http://fpml.org/submitter_trade_id],0,,Element with value AB1234 could not be mapped to a rosettaField
cdm-sample-files/pre-enrich/mockup-pre-enrich.xml,Fail_MappedNone,trade.tradeHeader.partyTradeInformation(1).reportingRegime(4).supervisorRegistration.supervisoryBody,trade.tradeHeader.partyTradeInformation.reportingRegime.supervisorRegistration.supervisoryBody,0,,Element with value HKMA could not be mapped to a rosettaField
cdm-sample-files/pre-enrich/mockup-pre-enrich.xml,Fail_MappedNone,trade.tradeHeader.partyTradeInformation(0).reportingRegime(4).reportingRole,trade.tradeHeader.partyTradeInformation.reportingRegime.reportingRole,0,,Element with value ReportingParty could not be mapped to a rosettaField
cdm-sample-files/pre-enrich/mockup-pre-enrich.xml,Fail_MappedNone,trade.tradeHeader.partyTradeInformation(0).relatedBusinessUnit(0).businessUnitReference[href=desk1].href,trade.tradeHeader.partyTradeInformation.relatedBusinessUnit.businessUnitReference[href=desk1].href,0,,Element with value desk1 could not be mapped to a rosettaField
cdm-sample-files/pre-enrich/mockup-pre-enrich.xml,Fail_MappedNone,party(0)[id=party1].classification(1)[industryClassificationScheme=http://www.fpml.org/coding-scheme/hkma-rewrite-regulatory-corporate-sector].industryClassificationScheme,party[id=party1].classification[industryClassificationScheme=http://www.fpml.org/coding-scheme/hkma-rewrite-regulatory-corporate-sector].industryClassificationScheme,0,,Element with value http://www.fpml.org/coding-scheme/hkma-rewrite-regulatory-corporate-sector could not be mapped to a rosettaField
cdm-sample-files/pre-enrich/mockup-pre-enrich.xml,Fail_MappedNone,trade.tradeHeader.partyTradeInformation(1).reportingRegime(4).mandatorilyClearable,trade.tradeHeader.partyTradeInformation.reportingRegime.mandatorilyClearable,0,,Element with value false could not be mapped to a rosettaField
cdm-sample-files/pre-enrich/mockup-pre-enrich.xml,Fail_MappedNone,trade.tradeHeader.partyTradeInformation(0).reportingRegime(1).name,trade.tradeHeader.partyTradeInformation.reportingRegime.name,0,,Element with value EMIR could not be mapped to a rosettaField
cdm-sample-files/pre-enrich/mockup-pre-enrich.xml,Fail_MappedNone,trade.tradeHeader.partyTradeInformation(0).reportingRegime(1).mandatorilyClearable,trade.tradeHeader.partyTradeInformation.reportingRegime.mandatorilyClearable,0,,Element with value false could not be mapped to a rosettaField
cdm-sample-files/pre-enrich/mockup-pre-enrich.xml,Fail_MappedNone,trade.tradeHeader.partyTradeInformation(0).reportingRegime(2).entityClassification[entityClassificationScheme=http://www.fpml.org/coding-scheme/esma-entity-classification].entityClassificationScheme,trade.tradeHeader.partyTradeInformation.reportingRegime.entityClassification[entityClassificationScheme=http://www.fpml.org/coding-scheme/esma-entity-classification].entityClassificationScheme,0,,Element with value http://www.fpml.org/coding-scheme/esma-entity-classification could not be mapped to a rosettaField
cdm-sample-files/pre-enrich/mockup-pre-enrich.xml,Fail_MappedNone,trade.tradeHeader.partyTradeInformation(1).reportingRegime(1).reportingRole,trade.tradeHeader.partyTradeInformation.reportingRegime.reportingRole,0,,Element with value ReportingParty could not be mapped to a rosettaField
cdm-sample-files/pre-enrich/mockup-pre-enrich.xml,Fail_MappedNone,trade.tradeHeader.partyTradeInformation(0).reportingRegime(5).supervisorRegistration.supervisoryBody,trade.tradeHeader.partyTradeInformation.reportingRegime.supervisorRegistration.supervisoryBody,0,,Element with value HKMA could not be mapped to a rosettaField
cdm-sample-files/pre-enrich/mockup-pre-enrich.xml,Fail_MappedNone,trade.tradeHeader.partyTradeInformation(1).reportingRegime(3).name,trade.tradeHeader.partyTradeInformation.reportingRegime.name,0,,Element with value CSA could not be mapped to a rosettaField
cdm-sample-files/pre-enrich/mockup-pre-enrich.xml,Fail_MappedNone,trade.tradeHeader.partyTradeInformation(0).reportingRegime(4).entityClassification[entityClassificationScheme=http://www.fpml.org/coding-scheme/cftc-entity-classification],trade.tradeHeader.partyTradeInformation.reportingRegime.entityClassification[entityClassificationScheme=http://www.fpml.org/coding-scheme/cftc-entity-classification],0,,Element with value SBSD could not be mapped to a rosettaField
cdm-sample-files/pre-enrich/mockup-pre-enrich.xml,Fail_MappedNone,trade.tradeHeader.partyTradeInformation(1).reportingRegime(3).mandatorilyClearable,trade.tradeHeader.partyTradeInformation.reportingRegime.mandatorilyClearable,0,,Element with value false could not be mapped to a rosettaField
cdm-sample-files/pre-enrich/mockup-pre-enrich.xml,Fail_MappedMultiple,party(4)[id=clearing-member].partyId[partyIdScheme=http://www.fpml.org/coding-scheme/external/iso17442].partyIdScheme,party[id=clearing-member].partyId[partyIdScheme=http://www.fpml.org/coding-scheme/external/iso17442].partyIdScheme,2,"ReportableEvent.originatingWorkflowStep.proposedEvent.instruction(0).before.value.trade.party(4).partyId(0).identifier.meta.scheme=[http://www.fpml.org/coding-scheme/external/exchange-id-MIC, http://www.fpml.org/coding-scheme/external/iso17442]
ReportableEvent.originatingWorkflowStep.proposedEvent.instruction(0).before.value.trade.party(4).partyId(0).identifierType=[LEI, MIC]",Element mapped to multiple rosettaFields
cdm-sample-files/pre-enrich/mockup-pre-enrich.xml,Fail_MappedNone,trade.tradeHeader.partyTradeInformation(0).reportingRegime(4).supervisorRegistration.supervisoryBody,trade.tradeHeader.partyTradeInformation.reportingRegime.supervisorRegistration.supervisoryBody,0,,Element with value CA.AB.ASC could not be mapped to a rosettaField
cdm-sample-files/pre-enrich/mockup-pre-enrich.xml,Fail_MappedNone,trade.tradeHeader.partyTradeInformation(1).reportingRegime(0).supervisorRegistration.supervisoryBody,trade.tradeHeader.partyTradeInformation.reportingRegime.supervisorRegistration.supervisoryBody,0,,Element with value ESMA could not be mapped to a rosettaField
cdm-sample-files/pre-enrich/mockup-pre-enrich.xml,Fail_MappedNone,trade.tradeHeader.partyTradeInformation(0).reportingRegime(2).name,trade.tradeHeader.partyTradeInformation.reportingRegime.name,0,,Element with value UKEMIR could not be mapped to a rosettaField
cdm-sample-files/pre-enrich/mockup-pre-enrich.xml,Fail_MappedNone,trade.tradeHeader.partyTradeInformation(0).reportingRegime(2).reportingPurpose,trade.tradeHeader.partyTradeInformation.reportingRegime.reportingPurpose,0,,Element with value PrimaryEconomicTerms could not be mapped to a rosettaField
cdm-sample-files/pre-enrich/mockup-pre-enrich.xml,Fail_MappedNone,trade.tradeHeader.partyTradeInformation(0).executionVenueType,trade.tradeHeader.partyTradeInformation.executionVenueType,0,,Element with value OffFacility could not be mapped to a rosettaField
cdm-sample-files/pre-enrich/mockup-pre-enrich.xml,Fail_MappedNone,trade.tradeHeader.partyTradeInformation(1).reportingRegime(0).reportingRole,trade.tradeHeader.partyTradeInformation.reportingRegime.reportingRole,0,,Element with value ReportingParty could not be mapped to a rosettaField
cdm-sample-files/pre-enrich/mockup-pre-enrich.xml,Fail_MappedNone,trade.tradeHeader.partyTradeInformation(0).reportingRegime(0).mandatorilyClearable,trade.tradeHeader.partyTradeInformation.reportingRegime.mandatorilyClearable,0,,Element with value false could not be mapped to a rosettaField
cdm-sample-files/pre-enrich/mockup-pre-enrich.xml,Fail_MappedMultiple,party(5)[id=original_sdr].partyId[partyIdScheme=http://www.fpml.org/coding-scheme/external/iso17442].partyIdScheme,party[id=original_sdr].partyId[partyIdScheme=http://www.fpml.org/coding-scheme/external/iso17442].partyIdScheme,2,"ReportableEvent.originatingWorkflowStep.proposedEvent.instruction(0).before.value.trade.party(5).partyId(0).identifier.meta.scheme=[http://www.fpml.org/coding-scheme/external/exchange-id-MIC, http://www.fpml.org/coding-scheme/external/iso17442]
ReportableEvent.originatingWorkflowStep.proposedEvent.instruction(0).before.value.trade.party(5).partyId(0).identifierType=[LEI, MIC]",Element mapped to multiple rosettaFields
cdm-sample-files/pre-enrich/mockup-pre-enrich.xml,Fail_MappedNone,party(0)[id=party1].classification(1)[industryClassificationScheme=http://www.fpml.org/coding-scheme/hkma-rewrite-regulatory-corporate-sector],party[id=party1].classification[industryClassificationScheme=http://www.fpml.org/coding-scheme/hkma-rewrite-regulatory-corporate-sector],0,,Element with value CSDS could not be mapped to a rosettaField
cdm-sample-files/pre-enrich/mockup-pre-enrich.xml,Fail_MappedNone,quote.value,quote.value,0,,Element with value 1235 could not be mapped to a rosettaField
cdm-sample-files/pre-enrich/mockup-pre-enrich.xml,Fail_MappedNone,trade.tradeHeader.partyTradeInformation(0).relatedBusinessUnit(1).businessUnitReference[href=desk1].href,trade.tradeHeader.partyTradeInformation.relatedBusinessUnit.businessUnitReference[href=desk1].href,0,,Element with value desk1 could not be mapped to a rosettaField
cdm-sample-files/pre-enrich/mockup-pre-enrich.xml,Fail_MappedNone,trade.tradeHeader.partyTradeInformation(0).collateralizationType,trade.tradeHeader.partyTradeInformation.collateralizationType,0,,Element with value Fully could not be mapped to a rosettaField
cdm-sample-files/pre-enrich/mockup-pre-enrich.xml,Fail_MappedNone,trade.tradeHeader.partyTradeInformation(0).reportingRegime(1).postPricedIndicator,trade.tradeHeader.partyTradeInformation.reportingRegime.postPricedIndicator,0,,Element with value true could not be mapped to a rosettaField
cdm-sample-files/pre-enrich/mockup-pre-enrich.xml,Fail_MappedNone,trade.tradeHeader.partyTradeInformation(1).reportingRegime(3).entityClassification[entityClassificationScheme=http://www.fpml.org/coding-scheme/cftc-entity-classification].entityClassificationScheme,trade.tradeHeader.partyTradeInformation.reportingRegime.entityClassification[entityClassificationScheme=http://www.fpml.org/coding-scheme/cftc-entity-classification].entityClassificationScheme,0,,Element with value http://www.fpml.org/coding-scheme/cftc-entity-classification could not be mapped to a rosettaField
cdm-sample-files/pre-enrich/mockup-pre-enrich.xml,Fail_MappedNone,trade.tradeHeader.partyTradeInformation(0).reportingRegime(5).entityClassification,trade.tradeHeader.partyTradeInformation.reportingRegime.entityClassification,0,,Element with value Financial could not be mapped to a rosettaField
cdm-sample-files/pre-enrich/mockup-pre-enrich.xml,Fail_MappedNone,trade.tradeHeader.partyTradeInformation(1).reportingRegime(4).name,trade.tradeHeader.partyTradeInformation.reportingRegime.name,0,,Element with value HKTR could not be mapped to a rosettaField
cdm-sample-files/pre-enrich/mockup-pre-enrich.xml,Fail_MappedNone,trade.tradeHeader.partyTradeInformation(1).reportingRegime(3).entityClassification[entityClassificationScheme=http://www.fpml.org/coding-scheme/cftc-entity-classification],trade.tradeHeader.partyTradeInformation.reportingRegime.entityClassification[entityClassificationScheme=http://www.fpml.org/coding-scheme/cftc-entity-classification],0,,Element with value SBSD could not be mapped to a rosettaField
cdm-sample-files/pre-enrich/mockup-pre-enrich.xml,Fail_MappedNone,trade.equitySwapTransactionSupplement.optionalEarlyTermination,trade.equitySwapTransactionSupplement.optionalEarlyTermination,0,,Element with value true could not be mapped to a rosettaField
cdm-sample-files/pre-enrich/mockup-pre-enrich.xml,Fail_MappedNone,trade.tradeHeader.partyTradeInformation(1).reportingRegime(0).exceedsClearingThreshold,trade.tradeHeader.partyTradeInformation.reportingRegime.exceedsClearingThreshold,0,,Element with value true could not be mapped to a rosettaField
cdm-sample-files/pre-enrich/mockup-pre-enrich.xml,Fail_MappedNone,trade.tradeHeader.partyTradeInformation(1).reportingRegime(2).supervisorRegistration.supervisoryBody,trade.tradeHeader.partyTradeInformation.reportingRegime.supervisorRegistration.supervisoryBody,0,,Element with value JFSA could not be mapped to a rosettaField
cdm-sample-files/pre-enrich/mockup-pre-enrich.xml,Fail_MappedNone,trade.tradeHeader.partyTradeInformation(0).reportingRegime(1).reportingPurpose,trade.tradeHeader.partyTradeInformation.reportingRegime.reportingPurpose,0,,Element with value PrimaryEconomicTerms could not be mapped to a rosettaField
cdm-sample-files/pre-enrich/mockup-pre-enrich.xml,Fail_MappedNone,trade.tradeHeader.partyTradeInformation(0).reportingRegime(3).name,trade.tradeHeader.partyTradeInformation.reportingRegime.name,0,,Element with value JFSA could not be mapped to a rosettaField
cdm-sample-files/pre-enrich/mockup-pre-enrich.xml,Fail_MappedNone,party(1)[id=party2].classification(1)[industryClassificationScheme=http://www.fpml.org/coding-scheme/hkma-rewrite-regulatory-corporate-sector],party[id=party2].classification[industryClassificationScheme=http://www.fpml.org/coding-scheme/hkma-rewrite-regulatory-corporate-sector],0,,Element with value CDTI could not be mapped to a rosettaField
cdm-sample-files/pre-enrich/mockup-pre-enrich.xml,Fail_MappedNone,trade.tradeHeader.partyTradeInformation(1).reportingRegime(3).reportingRole,trade.tradeHeader.partyTradeInformation.reportingRegime.reportingRole,0,,Element with value ReportingParty could not be mapped to a rosettaField
cdm-sample-files/pre-enrich/mockup-pre-enrich.xml,Fail_MappedNone,trade.tradeHeader.partyTradeInformation(0).reportingRegime(2).entityClassification[entityClassificationScheme=http://www.fpml.org/coding-scheme/esma-entity-classification],trade.tradeHeader.partyTradeInformation.reportingRegime.entityClassification[entityClassificationScheme=http://www.fpml.org/coding-scheme/esma-entity-classification],0,,Element with value Financial could not be mapped to a rosettaField
cdm-sample-files/pre-enrich/mockup-pre-enrich.xml,Fail_MappedNone,trade.tradeHeader.partyTradeInformation(1).reportingRegime(1).mandatorilyClearable,trade.tradeHeader.partyTradeInformation.reportingRegime.mandatorilyClearable,0,,Element with value false could not be mapped to a rosettaField
cdm-sample-files/pre-enrich/mockup-pre-enrich.xml,Fail_MappedNone,party(1)[id=party2].classification(2)[industryClassificationScheme=http://www.fpml.org/coding-scheme/esma-emir-refit-regulatory-corporate-sector],party[id=party2].classification[industryClassificationScheme=http://www.fpml.org/coding-scheme/esma-emir-refit-regulatory-corporate-sector],0,,Element with value CDTI could not be mapped to a rosettaField
cdm-sample-files/pre-enrich/mockup-pre-enrich.xml,Fail_MappedNone,trade.equitySwapTransactionSupplement.interestLeg[id=interestLeg].interestAmount.currencyReference[href=equityPaymentCurrency].href,trade.equitySwapTransactionSupplement.interestLeg[id=interestLeg].interestAmount.currencyReference[href=equityPaymentCurrency].href,0,,Element with value equityPaymentCurrency could not be mapped to a rosettaField
cdm-sample-files/pre-enrich/mockup-pre-enrich.xml,Fail_MappedMultiple,party(6)[id=venue].partyId(1)[partyIdScheme=http://www.fpml.org/coding-scheme/external/exchange-id-MIC].partyIdScheme,party[id=venue].partyId[partyIdScheme=http://www.fpml.org/coding-scheme/external/exchange-id-MIC].partyIdScheme,2,"ReportableEvent.originatingWorkflowStep.proposedEvent.instruction(0).before.value.trade.party(6).partyId(1).identifierType=[LEI, MIC]
ReportableEvent.originatingWorkflowStep.proposedEvent.instruction(0).before.value.trade.party(6).partyId(1).identifier.meta.scheme=[http://www.fpml.org/coding-scheme/external/exchange-id-MIC, http://www.fpml.org/coding-scheme/external/iso17442]",Element mapped to multiple rosettaFields
cdm-sample-files/pre-enrich/mockup-pre-enrich.xml,Fail_MappedNone,party(0)[id=party1].classification(0)[industryClassificationScheme=http://www.fpml.org/coding-scheme/esma-emir-refit-regulatory-corporate-sector],party[id=party1].classification[industryClassificationScheme=http://www.fpml.org/coding-scheme/esma-emir-refit-regulatory-corporate-sector],0,,Element with value CSDS could not be mapped to a rosettaField
cdm-sample-files/pre-enrich/mockup-pre-enrich.xml,Fail_MappedMultiple,party(0)[id=party1].partyId[partyIdScheme=http://www.fpml.org/coding-scheme/external/iso17442].partyIdScheme,party[id=party1].partyId[partyIdScheme=http://www.fpml.org/coding-scheme/external/iso17442].partyIdScheme,2,"ReportableEvent.originatingWorkflowStep.proposedEvent.instruction(0).before.value.trade.party(0).partyId(0).identifierType=[LEI, MIC]
ReportableEvent.originatingWorkflowStep.proposedEvent.instruction(0).before.value.trade.party(0).partyId(0).identifier.meta.scheme=[http://www.fpml.org/coding-scheme/external/exchange-id-MIC, http://www.fpml.org/coding-scheme/external/iso17442]",Element mapped to multiple rosettaFields
cdm-sample-files/pre-enrich/mockup-pre-enrich.xml,Fail_MappedNone,trade.tradeHeader.partyTradeInformation(0).reportingRegime(1).reportingRole,trade.tradeHeader.partyTradeInformation.reportingRegime.reportingRole,0,,Element with value ReportingParty could not be mapped to a rosettaField
cdm-sample-files/pre-enrich/mockup-pre-enrich.xml,Fail_MappedNone,trade.tradeHeader.partyTradeInformation(0).reportingRegime(0).reportingPurpose(0),trade.tradeHeader.partyTradeInformation.reportingRegime.reportingPurpose,0,,Element with value RealTimePublic could not be mapped to a rosettaField
cdm-sample-files/pre-enrich/mockup-pre-enrich.xml,Fail_MappedNone,trade.tradeHeader.partyTradeInformation(0).reportingRegime(4).name,trade.tradeHeader.partyTradeInformation.reportingRegime.name,0,,Element with value CSA could not be mapped to a rosettaField
cdm-sample-files/pre-enrich/mockup-pre-enrich.xml,Fail_MappedNone,trade.tradeHeader.partyTradeInformation(1).reportingRegime(4).entityClassification,trade.tradeHeader.partyTradeInformation.reportingRegime.entityClassification,0,,Element with value Financial could not be mapped to a rosettaField
cdm-sample-files/pre-enrich/mockup-pre-enrich.xml,Fail_MappedNone,trade.tradeHeader.partyTradeInformation(0).largeSizeTrade,trade.tradeHeader.partyTradeInformation.largeSizeTrade,0,,Element with value false could not be mapped to a rosettaField
cdm-sample-files/pre-enrich/mockup-pre-enrich.xml,Fail_MappedNone,trade.tradeHeader.partyTradeInformation(0).reportingRegime(0).reportingPurpose(1),trade.tradeHeader.partyTradeInformation.reportingRegime.reportingPurpose,0,,Element with value PrimaryEconomicTerms could not be mapped to a rosettaField
cdm-sample-files/pre-enrich/mockup-pre-enrich.xml,Fail_MappedNone,quote.currency,quote.currency,0,,Element with value USD could not be mapped to a rosettaField
cdm-sample-files/pre-enrich/mockup-pre-enrich.xml,Fail_MappedMultiple,party(1)[id=party2].partyId[partyIdScheme=http://www.fpml.org/coding-scheme/external/iso17442].partyIdScheme,party[id=party2].partyId[partyIdScheme=http://www.fpml.org/coding-scheme/external/iso17442].partyIdScheme,2,"ReportableEvent.originatingWorkflowStep.proposedEvent.instruction(0).before.value.trade.party(1).partyId(0).identifier.meta.scheme=[http://www.fpml.org/coding-scheme/external/exchange-id-MIC, http://www.fpml.org/coding-scheme/external/iso17442]
ReportableEvent.originatingWorkflowStep.proposedEvent.instruction(0).before.value.trade.party(1).partyId(0).identifierType=[LEI, MIC]",Element mapped to multiple rosettaFields
cdm-sample-files/pre-enrich/mockup-pre-enrich.xml,Fail_MappedNone,trade.tradeHeader.partyTradeInformation(1).reportingRegime(2).reportingRole,trade.tradeHeader.partyTradeInformation.reportingRegime.reportingRole,0,,Element with value ReportingParty could not be mapped to a rosettaField
cdm-sample-files/pre-enrich/mockup-pre-enrich.xml,Fail_MappedMultiple,party(6)[id=venue].partyId(0)[partyIdScheme=http://www.fpml.org/coding-scheme/external/iso17442].partyIdScheme,party[id=venue].partyId[partyIdScheme=http://www.fpml.org/coding-scheme/external/iso17442].partyIdScheme,2,"ReportableEvent.originatingWorkflowStep.proposedEvent.instruction(0).before.value.trade.party(6).partyId(0).identifierType=[LEI, MIC]
ReportableEvent.originatingWorkflowStep.proposedEvent.instruction(0).before.value.trade.party(6).partyId(0).identifier.meta.scheme=[http://www.fpml.org/coding-scheme/external/exchange-id-MIC, http://www.fpml.org/coding-scheme/external/iso17442]",Element mapped to multiple rosettaFields
cdm-sample-files/pre-enrich/mockup-pre-enrich.xml,Fail_MappedNone,trade.tradeHeader.partyTradeInformation(1).reportingRegime(1).supervisorRegistration.supervisoryBody,trade.tradeHeader.partyTradeInformation.reportingRegime.supervisorRegistration.supervisoryBody,0,,Element with value FCA could not be mapped to a rosettaField
cdm-sample-files/pre-enrich/mockup-pre-enrich.xml,Fail_MappedNone,trade.tradeHeader.partyTradeInformation(1).reportingRegime(1).reportingPurpose,trade.tradeHeader.partyTradeInformation.reportingRegime.reportingPurpose,0,,Element with value PrimaryEconomicTerms could not be mapped to a rosettaField
cdm-sample-files/pre-enrich/mockup-pre-enrich.xml,Fail_MappedNone,sequenceNumber,sequenceNumber,0,,Element with value 1 could not be mapped to a rosettaField
cdm-sample-files/pre-enrich/mockup-pre-enrich.xml,Fail_MappedNone,trade.tradeHeader.partyTradeInformation(0).reportingRegime(5).name,trade.tradeHeader.partyTradeInformation.reportingRegime.name,0,,Element with value HKTR could not be mapped to a rosettaField
cdm-sample-files/pre-enrich/mockup-pre-enrich.xml,Fail_MappedNone,trade.tradeHeader.partyTradeInformation(1).reportingRegime(0).mandatorilyClearable,trade.tradeHeader.partyTradeInformation.reportingRegime.mandatorilyClearable,0,,Element with value false could not be mapped to a rosettaField
cdm-sample-files/pre-enrich/mockup-pre-enrich.xml,Fail_MappedNone,trade.tradeHeader.partyTradeInformation(0).reportingRegime(0).supervisorRegistration.supervisoryBody,trade.tradeHeader.partyTradeInformation.reportingRegime.supervisorRegistration.supervisoryBody,0,,Element with value CFTC could not be mapped to a rosettaField
cdm-sample-files/pre-enrich/mockup-pre-enrich.xml,Fail_MappedNone,party(1)[id=party2].classification(0)[industryClassificationScheme=http://www.fpml.org/coding-scheme/external/esma/corporate-sector],party[id=party2].classification[industryClassificationScheme=http://www.fpml.org/coding-scheme/external/esma/corporate-sector],0,,Element with value NonFinancial could not be mapped to a rosettaField
cdm-sample-files/pre-enrich/mockup-pre-enrich.xml,Fail_MappedNone,trade.tradeHeader.partyTradeInformation(0).reportingRegime(0).reportingRole,trade.tradeHeader.partyTradeInformation.reportingRegime.reportingRole,0,,Element with value ReportingParty could not be mapped to a rosettaField
cdm-sample-files/pre-enrich/mockup-pre-enrich.xml,Fail_MappedNone,party(1)[id=party2].organizationType(1)[organizationTypeScheme=http://www.fpml.org/coding-scheme/cftc-organization-type].organizationTypeScheme,party[id=party2].organizationType[organizationTypeScheme=http://www.fpml.org/coding-scheme/cftc-organization-type].organizationTypeScheme,0,,Element with value http://www.fpml.org/coding-scheme/cftc-organization-type could not be mapped to a rosettaField